horizon,symbol,model,family,rmse,mase,hit_rate,base_rate,rmse_skill_pct,dir_skill_pct,dm_p,coverage,folds
1,AAPL,naive_last_price,baseline,0.016619905374271708,1.0,,0.5566116231438811,0.0,0.0,,0.7896825396825398,8
1,AAPL,historical_mean,baseline,0.016562362204104605,0.99279557918763,0.5566116231438811,0.5566116231438811,0.20008776084238233,0.0,0.4071197216152078,0.7916666666666667,8
1,AAPL,ridge,linear,0.020357753000365634,1.344084457584014,0.4830709165386584,0.5566116231438811,-22.421980105784133,-13.214285714285715,1.8388383682399478e-07,0.740079365079365,8
1,AAPL,elastic_net,linear,0.021514818742837134,1.4397428746411607,0.4771185355862775,0.5566116231438811,-30.439433104151338,-14.285714285714288,2.810537669262203e-08,0.7242063492063492,8
1,AAPL,random_forest,tree,0.016669077381049602,1.0033876800674049,0.5128008192524321,0.5566116231438811,-0.29365711081510426,-7.8571428571428585,0.40940205421467035,0.7936507936507937,8
1,AAPL,gradient_boosting,tree,0.016692211727235923,1.0056187069815556,0.5287058371735791,0.5566116231438811,-0.37386968072843363,-5.0000000000000036,0.3097287313029724,0.7857142857142858,8
1,AAPL,lightgbm,tree,0.017105476213439535,1.0463931336336312,0.4612455197132616,0.5566116231438811,-2.2732734748128314,-17.142857142857142,0.002359896169743303,0.7857142857142856,8
1,MSFT,naive_last_price,baseline,0.015261148849339209,1.0,,0.5277777777777778,0.0,0.0,,0.7976190476190476,8
1,MSFT,historical_mean,baseline,0.015280470635008571,0.9983184608241906,0.5277777777777778,0.5277777777777778,-0.10223887929545761,0.0,0.7479491400209459,0.7837301587301586,8
1,MSFT,ridge,linear,0.017154244032229368,1.2023151783754547,0.5138888888888888,0.5277777777777778,-11.321068666707035,-2.631578947368433,1.3356580368384385e-06,0.7876984126984127,8
1,MSFT,elastic_net,linear,0.01725598132611931,1.2131710763689934,0.5059523809523809,0.5277777777777778,-11.744057191400303,-4.1353383458646675,3.8137412361471945e-07,0.7956349206349206,8
1,MSFT,random_forest,tree,0.015334299959085848,1.0018444419806196,0.5396825396825397,0.5277777777777778,-0.4514533773761986,2.255639097744353,0.4375766764796256,0.7916666666666666,8
1,MSFT,gradient_boosting,tree,0.015296734241892818,1.0058295365625591,0.5257936507936508,0.5277777777777778,-0.24347804045923294,-0.3759398496240588,0.6420654606465148,0.7976190476190476,8
1,MSFT,lightgbm,tree,0.015756114713517143,1.0469671051834004,0.5357142857142857,0.5277777777777778,-3.032038112573021,1.5037593984962352,0.022866437918660276,0.7837301587301587,8
1,NVDA,naive_last_price,baseline,0.029158268593420758,1.0,,0.5337301587301587,0.0,0.0,,0.8134920634920635,8
1,NVDA,historical_mean,baseline,0.029153204601272503,0.9941923380289561,0.5337301587301587,0.5337301587301587,-0.11111816404771879,0.0,0.8588993411543921,0.8134920634920635,8
1,NVDA,ridge,linear,0.032983209147530404,1.1808195106404764,0.5376984126984127,0.5337301587301587,-12.849194211348426,0.743494423791819,8.774940146949461e-06,0.8075396825396826,8
1,NVDA,elastic_net,linear,0.03555249074723238,1.3276232993780601,0.5396825396825397,0.5337301587301587,-20.60141889521727,1.1152416356877284,2.258215836548061e-11,0.8055555555555556,8
1,NVDA,random_forest,tree,0.029207657237958408,0.9966539103855836,0.5198412698412698,0.5337301587301587,-0.3815272686729543,-2.602230483271366,0.677175591690141,0.8194444444444444,8
1,NVDA,gradient_boosting,tree,0.029332927825691697,1.0012206835213413,0.5257936507936507,0.5337301587301587,-0.7423606100733116,-1.486988847583638,0.3529246624617761,0.8115079365079365,8
1,NVDA,lightgbm,tree,0.029846001273295016,1.033308293566491,0.5218253968253967,0.5337301587301587,-2.2200937206766636,-2.2304832713754568,0.18404723881477691,0.8174603174603174,8
1,GOOGL,naive_last_price,baseline,0.018698496332445386,1.0,,0.5388504864311316,0.0,0.0,,0.8015873015873016,8
1,GOOGL,historical_mean,baseline,0.0186393713580425,0.9968470257373013,0.5388504864311316,0.5388504864311316,0.32441794949481517,0.0,0.27932781558249453,0.7996031746031745,8
1,GOOGL,ridge,linear,0.024397097112028365,1.3719214671736264,0.5367383512544803,0.5388504864311316,-31.66544700436993,-0.3690036900369051,0.0,0.7242063492063492,8
1,GOOGL,elastic_net,linear,0.024953268529074497,1.41192896151923,0.53465821812596,0.5388504864311316,-34.94159746935453,-0.7380073800738102,0.0,0.7142857142857142,8
1,GOOGL,random_forest,tree,0.018742052127256194,0.9928718097571791,0.5568036354326676,0.5388504864311316,-0.33997767592715,3.321033210332105,0.565504593933021,0.8015873015873015,8
1,GOOGL,gradient_boosting,tree,0.0187219496869406,0.998136641629905,0.5348822324628776,0.5388504864311316,-0.22247499048004826,-0.7380073800738102,0.6460440475423934,0.8015873015873015,8
1,GOOGL,lightgbm,tree,0.019546824157478708,1.0470160677152718,0.5129928315412187,0.5388504864311316,-4.5592869230460575,-4.797047970479705,0.0016790109710647094,0.8154761904761905,8
1,AMZN,naive_last_price,baseline,0.019917986638100123,1.0,,0.5337301587301587,0.0,0.0,,0.7817460317460317,8
1,AMZN,historical_mean,baseline,0.019905535183767222,0.9985617757996145,0.5337301587301587,0.5337301587301587,0.03857446672071996,0.0,0.9024179692268453,0.7976190476190477,8
1,AMZN,ridge,linear,0.021717094634357698,1.1022762368011432,0.5178571428571428,0.5337301587301587,-9.49420472404945,-2.973977695167276,0.00023882123715424086,0.7996031746031746,8
1,AMZN,elastic_net,linear,0.022362480486867276,1.1432601851518795,0.5277777777777777,0.5337301587301587,-12.557588984767198,-1.1152416356877284,2.83188114971189e-05,0.8015873015873015,8
1,AMZN,random_forest,tree,0.019907907898053176,0.9986027145830205,0.5317460317460316,0.5337301587301587,-0.051855673630174515,-0.3717472118959095,0.937952886197809,0.7916666666666667,8
1,AMZN,gradient_boosting,tree,0.019900859374650325,1.0019032305707027,0.5297619047619047,0.5337301587301587,0.1798379722811383,-0.743494423791819,0.796323421189423,0.7837301587301587,8
1,AMZN,lightgbm,tree,0.02032095434232334,1.0392267705993206,0.5376984126984128,0.5337301587301587,-1.903992974790869,0.743494423791819,0.20623465315705047,0.7996031746031746,8
1,META,naive_last_price,baseline,0.022034343523421658,1.0,,0.5248655913978495,0.0,0.0,,0.7896825396825397,8
1,META,historical_mean,baseline,0.022063374666450974,1.0027892045663815,0.5248655913978495,0.5248655913978495,-0.173893018978033,0.0,0.7341595699679462,0.7936507936507936,8
1,META,ridge,linear,0.023249823071922943,1.0628437974142073,0.5169290834613415,0.5248655913978495,-5.477612821393141,-1.5151515151515134,0.008201833966014593,0.8234126984126984,8
1,META,elastic_net,linear,0.024196541035431087,1.125697185485416,0.5049603174603174,0.5248655913978495,-9.527440278052413,-3.7878787878787934,0.00021874346151173896,0.8095238095238095,8
1,META,random_forest,tree,0.022288934556942863,1.0156823776721375,0.5308179723502303,0.5248655913978495,-1.0174894437182003,1.1363636363636296,0.21610332253828535,0.7857142857142858,8
1,META,gradient_boosting,tree,0.02208774932390153,1.0066833340409864,0.5229134664618535,0.5248655913978495,-0.27247265866472414,-0.3787878787878836,0.7128969436595454,0.7817460317460317,8
1,META,lightgbm,tree,0.023503584639570262,1.1085751678446534,0.5228494623655914,0.5248655913978495,-5.897818921499742,-0.3787878787878836,0.0015054741290883022,0.7896825396825398,8
1,TSLA,naive_last_price,baseline,0.03689621868485151,1.0,,0.5178571428571428,0.0,0.0,,0.8194444444444444,8
1,TSLA,historical_mean,baseline,0.03692333664714992,1.0007562525441072,0.5119047619047619,0.5178571428571428,-0.0492669739579954,-1.149425287356339,0.7735504104041269,0.8194444444444444,8
1,TSLA,ridge,linear,0.04241998203595227,1.172281137354434,0.49007936507936506,0.5178571428571428,-14.359777216184089,-5.363984674329514,8.143401407845197e-05,0.7896825396825397,8
1,TSLA,elastic_net,linear,0.04860756633892581,1.3639027463138986,0.5099206349206349,0.5178571428571428,-30.99600586265876,-1.532567049808445,4.6425796540461306e-10,0.7738095238095237,8
1,TSLA,random_forest,tree,0.03688483129529264,1.000892589867023,0.5138888888888888,0.5178571428571428,-0.013312733417536471,-0.7662835249042331,0.9768930243319045,0.8154761904761905,8
1,TSLA,gradient_boosting,tree,0.037121143358913394,1.010507648856724,0.503968253968254,0.5178571428571428,-0.5264458613639,-2.6819923371647625,0.25305957853166294,0.8194444444444444,8
1,TSLA,lightgbm,tree,0.03802426927172026,1.0356965835141836,0.5178571428571428,0.5178571428571428,-3.074964831871574,0.0,0.031035802519048694,0.8194444444444444,8
1,JPM,naive_last_price,baseline,0.015238391940445366,1.0,,0.5546594982078852,0.0,0.0,,0.7876984126984127,8
1,JPM,historical_mean,baseline,0.015213475780726687,0.9925156228318734,0.5546594982078852,0.5546594982078852,0.12282524606025413,0.0,0.755793603248573,0.7738095238095237,8
1,JPM,ridge,linear,0.017009247324968373,1.145651920989023,0.49699180747567845,0.5546594982078852,-12.410341490685761,-10.394265232974902,3.815020266140223e-06,0.7896825396825397,8
1,JPM,elastic_net,linear,0.01720868306885081,1.1642258981544336,0.48502304147465436,0.5546594982078852,-13.723434355784336,-12.544802867383515,5.634591075942552e-07,0.7936507936507936,8
1,JPM,random_forest,tree,0.015263289070614855,0.994031634895786,0.5546274961597542,0.5546594982078852,-0.16541377301475535,0.0,0.7729961495955506,0.7817460317460317,8
1,JPM,gradient_boosting,tree,0.01534697204472893,1.002985002563399,0.5506912442396313,0.5546594982078852,-0.6473445943153022,-0.7168458781361898,0.3296786962881719,0.7638888888888888,8
1,JPM,lightgbm,tree,0.015778996214995313,1.0364868389233144,0.5268177163338453,0.5546594982078852,-3.2241126315558644,-5.01792114695341,0.011657605342755506,0.7817460317460317,8
1,XOM,naive_last_price,baseline,0.014902972187961442,1.0,,0.5408666154633897,0.0,0.0,,0.7797619047619047,8
1,XOM,historical_mean,baseline,0.014887794099630015,0.9980229028359009,0.5408666154633897,0.5408666154633897,0.09952636058183639,0.0,0.427965730562887,0.7718253968253967,8
1,XOM,ridge,linear,0.0172972833039925,1.1742052958622535,0.508736559139785,0.5408666154633897,-16.100494507056506,-5.882352941176483,1.997361165351208e-09,0.748015873015873,8
1,XOM,elastic_net,linear,0.01773556690957321,1.2082394266154615,0.502784178187404,0.5408666154633897,-19.104519470777092,-6.985294117647066,2.7779334388355892e-11,0.7559523809523809,8
1,XOM,random_forest,tree,0.014910223489094751,1.0017687242848257,0.5207693292370711,0.5408666154633897,0.0032836195635765897,-3.6764705882352997,0.9920285881534974,0.7698412698412698,8
1,XOM,gradient_boosting,tree,0.015013151621069918,1.007745888020162,0.4830389144905274,0.5408666154633897,-0.7496383664085116,-10.661764705882355,0.17339272014303742,0.7599206349206349,8
1,XOM,lightgbm,tree,0.015493593135634172,1.0470467504839187,0.49887992831541217,0.5408666154633897,-3.5064898451926396,-7.720588235294123,0.00104533406262175,0.753968253968254,8
1,JNJ,naive_last_price,baseline,0.011049888555800642,1.0,,0.5476190476190477,0.0,0.0,,0.8055555555555555,8
1,JNJ,historical_mean,baseline,0.011062469794018395,1.0024180933180775,0.45238095238095233,0.5476190476190477,-0.11045822492410373,-17.391304347826093,0.27753428472552155,0.8055555555555555,8
1,JNJ,ridge,linear,0.01714434507523767,1.7896122767163278,0.4801587301587302,0.5476190476190477,-60.466349999064086,-12.318840579710152,0.0,0.7063492063492063,8
1,JNJ,elastic_net,linear,0.01725353772374397,1.8075015381056112,0.4801587301587301,0.5476190476190477,-61.12813050290418,-12.318840579710152,0.0,0.6825396825396826,8
1,JNJ,random_forest,tree,0.011132810643714495,1.0085383328429463,0.46428571428571425,0.5476190476190477,-0.684905642166056,-15.217391304347833,0.018563809340610637,0.8055555555555556,8
1,JNJ,gradient_boosting,tree,0.01118436649574088,1.0168934786480262,0.4742063492063492,0.5476190476190477,-1.057642148056659,-13.405797101449288,0.05244703965628972,0.8035714285714286,8
1,JNJ,lightgbm,tree,0.011624264224894766,1.0678440825471893,0.4801587301587301,0.5476190476190477,-4.783565196985595,-12.318840579710152,8.546608170512116e-06,0.7738095238095237,8
1,WMT,naive_last_price,baseline,0.014688798674317355,1.0,,0.550979262672811,0.0,0.0,,0.75,8
1,WMT,historical_mean,baseline,0.014645727987589556,0.9951472145822684,0.550979262672811,0.550979262672811,0.21701738156787442,0.0,0.5881093640887571,0.753968253968254,8
1,WMT,ridge,linear,0.017992694681578564,1.3512737956373617,0.4711021505376344,0.550979262672811,-21.43555373774122,-14.492753623188406,2.3159252293680765e-13,0.6884920634920635,8
1,WMT,elastic_net,linear,0.017899996851750928,1.3583989963271745,0.4571172555043522,0.550979262672811,-20.556483671882695,-17.028985507246382,2.220446049250313e-14,0.6805555555555556,8
1,WMT,random_forest,tree,0.014773579721691204,1.0132673780178265,0.5331861239119304,0.550979262672811,-0.5007507294585656,-3.260869565217397,0.35249204386047017,0.744047619047619,8
1,WMT,gradient_boosting,tree,0.014759351692096506,1.0065152327920135,0.5188492063492063,0.550979262672811,-0.47778232023405476,-5.797101449275374,0.41641514935740664,0.751984126984127,8
1,WMT,lightgbm,tree,0.01511285479589818,1.051804073486004,0.4831669226830517,0.550979262672811,-2.467648407874501,-12.318840579710148,0.008383892432793028,0.753968253968254,8
1,SPY,naive_last_price,baseline,0.009485475791483598,1.0,,0.5793650793650793,0.0,0.0,,0.8035714285714286,8
1,SPY,historical_mean,baseline,0.00944376268419636,0.9885839102797886,0.5793650793650793,0.5793650793650793,0.28004546356613647,0.0,0.44273332508505003,0.8055555555555556,8
1,SPY,ridge,linear,0.01108309445745918,1.2390464443318645,0.503968253968254,0.5793650793650793,-13.756462533568037,-13.013698630136997,0.009826898302917497,0.7658730158730158,8
1,SPY,elastic_net,linear,0.010552236806807988,1.1665087146253383,0.5,0.5793650793650793,-7.984471017013672,-13.698630136986308,0.10087898618202562,0.7757936507936507,8
1,SPY,random_forest,tree,0.009436343890350331,0.9882814172191513,0.5714285714285714,0.5793650793650793,0.2923027933577793,-1.3698630136986443,0.6437459559089502,0.8055555555555556,8
1,SPY,gradient_boosting,tree,0.00945882418546318,0.9974769819030789,0.5337301587301586,0.5793650793650793,0.433404011061278,-7.876712328767132,0.4319588396622325,0.8015873015873015,8
1,SPY,lightgbm,tree,0.009587518205916338,1.0152768269683174,0.5337301587301588,0.5793650793650793,-0.8683293709631723,-7.876712328767132,0.4961668695500956,0.7956349206349207,8
5,AAPL,naive_last_price,baseline,0.03928309228355185,1.0,,0.5535714285714286,0.0,0.0,,0.8115079365079365,8
5,AAPL,historical_mean,baseline,0.038913595991134295,0.9894102555330108,0.5535714285714286,0.5535714285714286,0.5442914709203328,0.0,0.6185304277063934,0.7916666666666666,8
5,AAPL,ridge,linear,0.06001922633162633,1.6072917110228786,0.49801587301587297,0.5535714285714286,-59.07531623495994,-10.035842293906814,0.00031105656306196217,0.7162698412698413,8
5,AAPL,elastic_net,linear,0.07924800361814832,2.0379948017662537,0.49603174603174605,0.5535714285714286,-129.0956348935241,-10.394265232974913,0.0009024758565765456,0.6805555555555556,8
5,AAPL,random_forest,tree,0.03972601031541892,1.0196896432578555,0.4900793650793651,0.5535714285714286,-0.688957431806303,-11.46953405017922,0.5413036309515755,0.7996031746031746,8
5,AAPL,gradient_boosting,tree,0.041890094137242054,1.0910546555375795,0.4801587301587301,0.5535714285714286,-5.068770792490596,-13.261648745519716,0.08760678582993786,0.7936507936507937,8
5,AAPL,lightgbm,tree,0.043636576637351765,1.1493982476212394,0.44047619047619047,0.5535714285714286,-8.658349083020834,-20.430107526881727,0.006677694336821194,0.7698412698412698,8
5,MSFT,naive_last_price,baseline,0.03487521319017942,1.0,,0.5456349206349207,0.0,0.0,,0.75,8
5,MSFT,historical_mean,baseline,0.03518820022208574,1.000748841994208,0.5456349206349207,0.5456349206349207,-0.776424719803992,0.0,0.5995931475503966,0.746031746031746,8
5,MSFT,ridge,linear,0.046031621285665396,1.4134125989252069,0.5357142857142857,0.5456349206349207,-33.62551441881219,-1.818181818181812,0.00091685899886218,0.7638888888888888,8
5,MSFT,elastic_net,linear,0.04865743728443726,1.519679014711521,0.5793650793650794,0.5456349206349207,-45.286884758159296,6.181818181818201,0.0010229405586221763,0.7956349206349206,8
5,MSFT,random_forest,tree,0.035858345801937724,1.0200705826637588,0.5555555555555556,0.5456349206349207,-2.3840442282580643,1.8181818181818323,0.34174623014754624,0.7579365079365079,8
5,MSFT,gradient_boosting,tree,0.04037077665315156,1.1814399409615755,0.5238095238095238,0.5456349206349207,-14.739406963528513,-3.9999999999999862,0.001977114631906085,0.7440476190476191,8
5,MSFT,lightgbm,tree,0.04050378732493771,1.1821702027170733,0.5337301587301587,0.5456349206349207,-14.975193129861308,-2.1818181818181746,0.0029428549546826055,0.7440476190476191,8
5,NVDA,naive_last_price,baseline,0.06121896219467591,1.0,,0.5555555555555556,0.0,0.0,,0.7976190476190476,8
5,NVDA,historical_mean,baseline,0.06165779753234715,1.007090301898752,0.5555555555555556,0.5555555555555556,-1.3965826397548398,0.0,0.640388588565719,0.7956349206349207,8
5,NVDA,ridge,linear,0.07926203953539054,1.3908728803120893,0.5773809523809523,0.5555555555555556,-33.227751409208594,3.9285714285714146,0.0016618462887001417,0.8293650793650793,8
5,NVDA,elastic_net,linear,0.0942510765637404,1.7753157601969973,0.5555555555555556,0.5555555555555556,-59.198549566113726,0.0,0.0002490099352934205,0.8293650793650793,8
5,NVDA,random_forest,tree,0.06200382050077485,1.005255635555449,0.5535714285714286,0.5555555555555556,-2.325927053273613,-0.3571428571428559,0.5081411249376555,0.7777777777777778,8
5,NVDA,gradient_boosting,tree,0.06836592402096052,1.1620740196970787,0.5238095238095237,0.5555555555555556,-9.537795112284497,-5.7142857142857135,0.0460541588458796,0.7738095238095238,8
5,NVDA,lightgbm,tree,0.06649111449080933,1.1329700131014002,0.5376984126984127,0.5555555555555556,-7.052716028361172,-3.214285714285723,0.14719934324393114,0.7996031746031746,8
5,GOOGL,naive_last_price,baseline,0.04391160355154383,1.0,,0.5773809523809523,0.0,0.0,,0.7738095238095238,8
5,GOOGL,historical_mean,baseline,0.04340416417171919,0.987482381707079,0.5773809523809523,0.5773809523809523,1.3463705540999849,0.0,0.3521722124666682,0.7678571428571428,8
5,GOOGL,ridge,linear,0.0763789675122887,1.9168388974657211,0.4742063492063492,0.5773809523809523,-77.94604229926898,-17.86941580756013,1.4215030263997619e-08,0.6369047619047619,8
5,GOOGL,elastic_net,linear,0.08766539259383468,2.2372207612442225,0.4603174603174603,0.5773809523809523,-102.67515999040602,-20.274914089347078,4.6553871868582064e-12,0.6527777777777778,8
5,GOOGL,random_forest,tree,0.04481728619399866,1.0065190374884425,0.5515873015873015,0.5773809523809523,-2.081607289632026,-4.467353951890019,0.3788719463437904,0.7678571428571428,8
5,GOOGL,gradient_boosting,tree,0.04908678623121068,1.126039416124257,0.4880952380952381,0.5773809523809523,-11.76188091373367,-15.46391752577319,0.0060832251699451945,0.7638888888888888,8
5,GOOGL,lightgbm,tree,0.04887996805904246,1.1239660544338719,0.49603174603174605,0.5773809523809523,-11.422629672367401,-14.08934707903779,0.009169801038171999,0.7619047619047619,8
5,AMZN,naive_last_price,baseline,0.04530682790745724,1.0,,0.5456349206349207,0.0,0.0,,0.7619047619047619,8
5,AMZN,historical_mean,baseline,0.04534518625438778,0.998026120302031,0.5456349206349207,0.5456349206349207,-0.1314055823165461,0.0,0.9266593214355336,0.7738095238095237,8
5,AMZN,ridge,linear,0.055794891526671594,1.2520191998380445,0.5079365079365079,0.5456349206349207,-25.25947208520771,-6.909090909090905,0.0005382103539035565,0.751984126984127,8
5,AMZN,elastic_net,linear,0.05959805403064869,1.3606277699574834,0.5198412698412698,0.5456349206349207,-33.230678998822796,-4.7272727272727115,8.994165582043578e-05,0.746031746031746,8
5,AMZN,random_forest,tree,0.04496833274224357,0.9924689326961966,0.5317460317460317,0.5456349206349207,0.3157835436116474,-2.5454545454545365,0.8952087853746742,0.7579365079365079,8
5,AMZN,gradient_boosting,tree,0.04971269638625836,1.1091935927997216,0.5138888888888888,0.5456349206349207,-9.879910344257347,-5.818181818181818,0.04590861258094381,0.7638888888888888,8
5,AMZN,lightgbm,tree,0.04936971292647879,1.0977260038909091,0.5119047619047619,0.5456349206349207,-9.157875839189522,-6.181818181818181,0.04743133591540194,0.738095238095238,8
5,META,naive_last_price,baseline,0.048019364107310544,1.0,,0.5337301587301586,0.0,0.0,,0.7658730158730158,8
5,META,historical_mean,baseline,0.04847341031081535,1.0144775207371746,0.5337301587301586,0.5337301587301586,-1.1010305986346003,0.0,0.6815244306568056,0.7817460317460317,8
5,META,ridge,linear,0.0579482712691384,1.2529473175939334,0.4821428571428571,0.5337301587301586,-22.998796153201884,-9.665427509293677,0.0004203055439642167,0.8055555555555556,8
5,META,elastic_net,linear,0.0661397968141694,1.4579238848087372,0.4821428571428571,0.5337301587301586,-41.282449452761895,-9.665427509293677,0.00011696635247337994,0.7718253968253969,8
5,META,random_forest,tree,0.050383286069499364,1.0582042593338012,0.5119047619047619,0.5337301587301586,-5.063384641381741,-4.089219330855025,0.171422677309089,0.7936507936507936,8
5,META,gradient_boosting,tree,0.05911062072955546,1.2591170070013211,0.5119047619047619,0.5337301587301586,-23.6806329959369,-4.089219330855025,0.0007646741035116644,0.7837301587301587,8
5,META,lightgbm,tree,0.059212704095159024,1.246400326336857,0.5357142857142857,0.5337301587301586,-23.88082374130358,0.3717472118959095,0.0017060795422461084,0.7896825396825395,8
5,TSLA,naive_last_price,baseline,0.08178723156172649,1.0,,0.4801587301587301,0.0,0.0,,0.7996031746031746,8
5,TSLA,historical_mean,baseline,0.08206238942837352,1.019661497377816,0.4583333333333333,0.4801587301587301,-0.2550917809801545,-4.545454545454552,0.734112833215383,0.8095238095238095,8
5,TSLA,ridge,linear,0.11257077963298745,1.5025154107689442,0.5476190476190476,0.4801587301587301,-37.094348814897884,14.049586776859513,0.0003488744183550718,0.7797619047619048,8
5,TSLA,elastic_net,linear,0.14500720072575043,1.9857368099073707,0.5357142857142856,0.4801587301587301,-79.10996060227546,11.570247933884291,3.509422132386142e-05,0.7797619047619048,8
5,TSLA,random_forest,tree,0.08246740921368828,1.0229669309028875,0.496031746031746,0.4801587301587301,-0.8110522360742944,3.3057851239669414,0.5978351625310503,0.8035714285714286,8
5,TSLA,gradient_boosting,tree,0.09020143521216034,1.1082741972202659,0.5416666666666666,0.4801587301587301,-9.90032695061782,12.809917355371889,0.007518445407309171,0.8273809523809523,8
5,TSLA,lightgbm,tree,0.09011147647885293,1.1170934271198238,0.5138888888888888,0.4801587301587301,-9.275578940300623,7.024793388429738,0.008097018382194898,0.8194444444444444,8
5,JPM,naive_last_price,baseline,0.032999117286057034,1.0,,0.611111111111111,0.0,0.0,,0.7718253968253969,8
5,JPM,historical_mean,baseline,0.03259191023013269,0.9686067163815456,0.611111111111111,0.611111111111111,0.9180630974168658,0.0,0.6434869610164953,0.7599206349206349,8
5,JPM,ridge,linear,0.03900219860493068,1.1960402438409872,0.4801587301587301,0.611111111111111,-20.627773530339823,-21.428571428571434,0.008890380829340128,0.7400793650793651,8
5,JPM,elastic_net,linear,0.04372446027387049,1.3620827436529472,0.4841269841269841,0.611111111111111,-35.59000180021095,-20.779220779220786,0.0007724606704064829,0.7281746031746031,8
5,JPM,random_forest,tree,0.03345532931115385,0.9985876056219716,0.5813492063492063,0.611111111111111,-1.6145026074457336,-4.870129870129871,0.5903950952264032,0.7738095238095237,8
5,JPM,gradient_boosting,tree,0.037184690098372664,1.119773681137144,0.5357142857142857,0.611111111111111,-11.189247744001074,-12.337662337662348,0.027010413996929827,0.7797619047619048,8
5,JPM,lightgbm,tree,0.037490347767849146,1.1297877856099794,0.5297619047619048,0.611111111111111,-12.824818554755035,-13.311688311688318,0.013033268918667629,0.7817460317460317,8
5,XOM,naive_last_price,baseline,0.03360708940963657,1.0,,0.5535714285714286,0.0,0.0,,0.7380952380952381,8
5,XOM,historical_mean,baseline,0.033442500630162506,0.9966414433358942,0.5535714285714286,0.5535714285714286,0.45957068622640707,0.0,0.4537454692101157,0.7559523809523809,8
5,XOM,ridge,linear,0.045295795377021,1.3361236085892512,0.5535714285714286,0.5535714285714286,-39.584000138029516,0.0,0.005124859395291281,0.7678571428571429,8
5,XOM,elastic_net,linear,0.05378687259911169,1.6075926669610565,0.5436507936507936,0.5535714285714286,-65.36851809363553,-1.7921146953405152,0.0002336915797978012,0.75,8
5,XOM,random_forest,tree,0.03373197816687267,0.9950817034991679,0.503968253968254,0.5535714285714286,-0.28575738427927266,-8.960573476702518,0.8500789111486329,0.7341269841269841,8
5,XOM,gradient_boosting,tree,0.038584022310981736,1.1421521046496643,0.49206349206349204,0.5535714285714286,-14.889715395366565,-11.111111111111121,0.02931641002983021,0.6964285714285714,8
5,XOM,lightgbm,tree,0.03741094452768662,1.1095687722913077,0.5079365079365079,0.5535714285714286,-10.534182992803753,-8.243727598566318,0.0476531519172505,0.7182539682539681,8
5,JNJ,naive_last_price,baseline,0.02455915536531865,1.0,,0.5793650793650793,0.0,0.0,,0.8293650793650794,8
5,JNJ,historical_mean,baseline,0.02465096421757361,1.0043425548559135,0.48412698412698413,0.5793650793650793,-0.30656619368727434,-16.43835616438357,0.5562535982097954,0.8273809523809523,8
5,JNJ,ridge,linear,0.05395998450937116,2.393017071077784,0.45039682539682535,0.5793650793650793,-146.93452463300912,-22.260273972602747,8.012936103085622e-06,0.6071428571428572,8
5,JNJ,elastic_net,linear,0.06085504962353022,2.7374073262277774,0.45039682539682535,0.5793650793650793,-176.74437626304865,-22.260273972602747,2.232877072572137e-06,0.5813492063492063,8
5,JNJ,random_forest,tree,0.02500331636431284,1.0205581892246918,0.5099206349206349,0.5793650793650793,-1.8277191675519555,-11.986301369863027,0.16301081633360925,0.8154761904761905,8
5,JNJ,gradient_boosting,tree,0.027843168095527088,1.1405997650848356,0.4702380952380952,0.5793650793650793,-14.71573051712527,-18.835616438356173,0.005018615323890474,0.7658730158730158,8
5,JNJ,lightgbm,tree,0.027010366484798938,1.1096015284012863,0.47817460317460314,0.5793650793650793,-10.645142492597381,-17.46575342465754,0.008830273021871005,0.7896825396825398,8
5,WMT,naive_last_price,baseline,0.03438780713908135,1.0,,0.5956541218637993,0.0,0.0,,0.7757936507936508,8
5,WMT,historical_mean,baseline,0.03381640434632914,0.9749846464025831,0.5956541218637993,0.5956541218637993,1.3234209238002892,0.0,0.4675115000247114,0.753968253968254,8
5,WMT,ridge,linear,0.04850827260921915,1.5789982446689792,0.49190348182283666,0.5956541218637993,-43.165583004913245,-17.39130434782609,7.421457364209516e-07,0.6329365079365079,8
5,WMT,elastic_net,linear,0.052003875957771103,1.7252424726108384,0.48783922171018945,0.5956541218637993,-54.275211328872544,-18.06020066889632,6.463086998920176e-08,0.6170634920634921,8
5,WMT,random_forest,tree,0.034236953546086815,0.9977505315266668,0.5079045058883769,0.5956541218637993,0.5417451819772379,-14.715719063545155,0.7989379077369851,0.75,8
5,WMT,gradient_boosting,tree,0.03604367626977152,1.0667855393080745,0.5178891449052739,0.5956541218637993,-4.251577290019415,-13.04347826086957,0.2039435216278993,0.740079365079365,8
5,WMT,lightgbm,tree,0.036106514470631026,1.0791724004308332,0.5337301587301587,0.5956541218637993,-4.469711707083013,-10.367892976588637,0.19331466280262233,0.7380952380952381,8
5,SPY,naive_last_price,baseline,0.02035054737821337,1.0,,0.615079365079365,0.0,0.0,,0.7658730158730158,8
5,SPY,historical_mean,baseline,0.020060042871101573,0.9674163906914931,0.615079365079365,0.615079365079365,1.232805647646118,0.0,0.4931553306186265,0.7678571428571428,8
5,SPY,ridge,linear,0.02936250902671687,1.4217254267413824,0.5198412698412698,0.615079365079365,-48.765940704687985,-15.483870967741934,0.0032191907869179026,0.7162698412698412,8
5,SPY,elastic_net,linear,0.033424776117825405,1.6304496755228834,0.5178571428571428,0.615079365079365,-71.20751127167668,-15.806451612903222,0.0008513280113804367,0.7083333333333334,8
5,SPY,random_forest,tree,0.019979666097926604,0.9597672734855547,0.5992063492063492,0.615079365079365,1.1299618882613882,-2.5806451612903314,0.7231683298987055,0.7559523809523809,8
5,SPY,gradient_boosting,tree,0.02157067020370073,1.0412137313353926,0.5674603174603174,0.615079365079365,-6.774451913165214,-7.741935483870977,0.2075968223280511,0.75,8
5,SPY,lightgbm,tree,0.021403511765220623,1.0261677439034003,0.5476190476190476,0.615079365079365,-6.438381004658744,-10.967741935483867,0.23082707567230099,0.7757936507936508,8
10,AAPL,naive_last_price,baseline,0.05187912303018124,1.0,,0.5575396825396826,0.0,0.0,,0.7976190476190476,8
10,AAPL,historical_mean,baseline,0.05134620399397765,0.9876964153717893,0.5575396825396826,0.5575396825396826,0.3860617278341527,0.0,0.8600298770806429,0.7876984126984127,8
10,AAPL,ridge,linear,0.09219774255273414,1.8724650831238792,0.49999999999999994,0.5575396825396826,-91.73768911045501,-10.3202846975089,0.0011174155762136984,0.6607142857142857,8
10,AAPL,elastic_net,linear,0.12316906380950496,2.423543689610774,0.4821428571428571,0.5575396825396826,-176.8162221749761,-13.523131672597867,0.006752257807688178,0.7023809523809523,8
10,AAPL,random_forest,tree,0.05224954980325286,1.0075823368996772,0.5158730158730158,0.5575396825396826,-0.8015333909644262,-7.473309608540918,0.6756168262821993,0.7936507936507936,8
10,AAPL,gradient_boosting,tree,0.05866738923421516,1.1333118922756813,0.5059523809523809,0.5575396825396826,-12.680263306592355,-9.252669039145914,0.024637501344408452,0.7420634920634921,8
10,AAPL,lightgbm,tree,0.057741214388637226,1.1242886096508287,0.5,0.5575396825396826,-11.10747976487787,-10.3202846975089,0.040573264022917055,0.7321428571428571,8
10,MSFT,naive_last_price,baseline,0.04849900862945939,1.0,,0.488095238095238,0.0,0.0,,0.7678571428571428,8
10,MSFT,historical_mean,baseline,0.04990462899261876,1.0334567337086362,0.488095238095238,0.488095238095238,-2.276099164392553,0.0,0.4487171089797424,0.7440476190476191,8
10,MSFT,ridge,linear,0.06940994802372977,1.6702642671477101,0.4543650793650793,0.488095238095238,-42.95619556687023,-6.910569105691056,0.0038385072485009886,0.7619047619047619,8
10,MSFT,elastic_net,linear,0.07366338561157826,1.8380839860296088,0.5257936507936507,0.488095238095238,-58.13637315163167,7.723577235772365,0.009369132480206543,0.7916666666666666,8
10,MSFT,random_forest,tree,0.052097981741044755,1.1006264682624374,0.4543650793650793,0.488095238095238,-5.879819157180988,-6.910569105691056,0.2640167768262822,0.7242063492063492,8
10,MSFT,gradient_boosting,tree,0.0649615595351651,1.4245955755706865,0.48214285714285715,0.488095238095238,-31.674586313653318,-1.219512195121947,0.0014702705926712412,0.7023809523809523,8
10,MSFT,lightgbm,tree,0.06641756783553161,1.471575134550794,0.47619047619047616,0.488095238095238,-34.106691096272336,-2.4390243902439055,0.0014598115075361573,0.6964285714285714,8
10,NVDA,naive_last_price,baseline,0.07767563535175294,1.0,,0.5535714285714286,0.0,0.0,,0.8432539682539681,8
10,NVDA,historical_mean,baseline,0.08060790527863182,1.0656226188913602,0.5535714285714286,0.5535714285714286,-4.689318802837361,0.0,0.4625299331974202,0.8253968253968254,8
10,NVDA,ridge,linear,0.1257526852587441,1.7438585109186957,0.49801587301587297,0.5535714285714286,-63.440228618610206,-10.035842293906814,0.0007819508145978649,0.8333333333333333,8
10,NVDA,elastic_net,linear,0.15408276583451136,2.1921927469493347,0.5337301587301587,0.5535714285714286,-98.42462439822425,-3.584229390681011,0.0002977578546543569,0.8551587301587302,8
10,NVDA,random_forest,tree,0.08244966464744585,1.0815038376501709,0.5615079365079365,0.5535714285714286,-7.923143125644971,1.4336917562723963,0.2789929622520506,0.8214285714285714,8
10,NVDA,gradient_boosting,tree,0.09288871615776956,1.251329868626195,0.5535714285714286,0.5535714285714286,-18.024879242070657,0.0,0.10285283030372439,0.8333333333333334,8
10,NVDA,lightgbm,tree,0.0922320154004036,1.2368988442783624,0.5535714285714286,0.5535714285714286,-17.62831721329259,0.0,0.12405356600718198,0.8293650793650794,8
10,GOOGL,naive_last_price,baseline,0.06407824697780166,1.0,,0.6071428571428572,0.0,0.0,,0.7678571428571428,8
10,GOOGL,historical_mean,baseline,0.06316265405146854,0.9814578714038176,0.6071428571428572,0.6071428571428572,2.269321554816228,0.0,0.4317267412448831,0.7638888888888888,8
10,GOOGL,ridge,linear,0.12108586272538316,2.198255114258739,0.490079365079365,0.6071428571428572,-94.62563529886039,-19.281045751633986,4.2463121325830855e-06,0.6170634920634921,8
10,GOOGL,elastic_net,linear,0.13687916345572848,2.5096790203234445,0.490079365079365,0.6071428571428572,-119.66418916007319,-19.281045751633986,1.7885913083937055e-07,0.6408730158730158,8
10,GOOGL,random_forest,tree,0.06640402674860417,1.0253535330523622,0.5634920634920635,0.6071428571428572,-3.2346698872840474,-7.189542483660125,0.40449853970462657,0.7638888888888888,8
10,GOOGL,gradient_boosting,tree,0.07470601774657436,1.1898798531689296,0.5238095238095238,0.6071428571428572,-15.948689993161302,-13.725490196078422,0.04846877423766882,0.7559523809523809,8
10,GOOGL,lightgbm,tree,0.0747390528556279,1.200076577862816,0.5,0.6071428571428572,-15.731364522381996,-17.647058823529406,0.022926155257227077,0.7440476190476191,8
10,AMZN,naive_last_price,baseline,0.06395885745897294,1.0,,0.5496031746031746,0.0,0.0,,0.751984126984127,8
10,AMZN,historical_mean,baseline,0.06452145569701453,0.9959856343060192,0.5496031746031746,0.5496031746031746,-0.805517514298626,0.0,0.7683135838284709,0.7579365079365079,8
10,AMZN,ridge,linear,0.08713686232842487,1.3875932909539153,0.4900793650793651,0.5496031746031746,-38.12094175940266,-10.830324909747304,0.0041220468334868254,0.7123015873015873,8
10,AMZN,elastic_net,linear,0.09511932385881143,1.5310232083855435,0.49999999999999994,0.5496031746031746,-50.3700777199352,-9.025270758122751,0.0014342766830286457,0.7281746031746033,8
10,AMZN,random_forest,tree,0.06306202152050072,0.9646453030946875,0.5456349206349207,0.5496031746031746,1.3930596226545688,-0.7220216606498371,0.7605156774534607,0.748015873015873,8
10,AMZN,gradient_boosting,tree,0.06765681703808488,1.0787739404883077,0.5317460317460319,0.5496031746031746,-4.655778029864077,-3.2490974729241966,0.48062444788739755,0.7003968253968254,8
10,AMZN,lightgbm,tree,0.06693403060750303,1.0564335033295589,0.5674603174603174,0.5496031746031746,-3.6773876614180967,3.2490974729241757,0.600979727110506,0.6845238095238095,8
10,META,naive_last_price,baseline,0.0711874474462434,1.0,,0.5138888888888888,0.0,0.0,,0.7777777777777778,8
10,META,historical_mean,baseline,0.07289696479834158,1.0466793215139372,0.5138888888888888,0.5138888888888888,-2.8628695223116507,0.0,0.5873728047748727,0.7420634920634921,8
10,META,ridge,linear,0.09391726980213597,1.3496144266684726,0.4841269841269841,0.5138888888888888,-34.65109636221162,-5.791505791505782,0.004560844665658648,0.753968253968254,8
10,META,elastic_net,linear,0.11026215434710618,1.6068582394607058,0.47817460317460314,0.5138888888888888,-61.203475558887455,-6.949806949806936,0.008775014034689388,0.753968253968254,8
10,META,random_forest,tree,0.07786340275994916,1.1295448562804378,0.5,0.5138888888888888,-10.003217016123124,-2.7027027027026933,0.1592253443339111,0.7301587301587302,8
10,META,gradient_boosting,tree,0.0933965309721562,1.3434061251722094,0.5218253968253967,0.5138888888888888,-34.254657018830414,1.5444015444015609,0.013776208078598584,0.7321428571428571,8
10,META,lightgbm,tree,0.09169782199616897,1.3246095415885697,0.5099206349206349,0.5138888888888888,-30.61756765791397,-0.7722007722007695,0.019811585596355874,0.746031746031746,8
10,TSLA,naive_last_price,baseline,0.11397076524604435,1.0,,0.5218253968253969,0.0,0.0,,0.8134920634920635,8
10,TSLA,historical_mean,baseline,0.11506482473550336,1.0400515889670452,0.45634920634920634,0.5218253968253969,-0.6069744321601567,-12.547528517110273,0.6923754616071931,0.8154761904761905,8
10,TSLA,ridge,linear,0.17892757948153087,1.7827984586051806,0.5297619047619048,0.5218253968253969,-57.91459693215239,1.5209125475285115,0.000370557207530986,0.7837301587301586,8
10,TSLA,elastic_net,linear,0.2442971345751593,2.3653580066343145,0.5198412698412698,0.5218253968253969,-119.55344206396812,-0.38022813688212787,0.0005129427381713736,0.7281746031746031,8
10,TSLA,random_forest,tree,0.11542618766144996,1.0022724053604755,0.5575396825396826,0.5218253968253969,-1.7212861730986573,6.844106463878323,0.5033041613789833,0.8194444444444444,8
10,TSLA,gradient_boosting,tree,0.12784370139657722,1.104695656866709,0.5,0.5218253968253969,-14.687111345176064,-4.182509505703428,0.025929261074134624,0.863095238095238,8
10,TSLA,lightgbm,tree,0.1302764131585521,1.123322082008507,0.496031746031746,0.5218253968253969,-16.63369984722931,-4.942965779467684,0.019827689006440607,0.8432539682539683,8
10,JPM,naive_last_price,baseline,0.04786153010575066,1.0,,0.6111111111111112,0.0,0.0,,0.7797619047619047,8
10,JPM,historical_mean,baseline,0.04622531109488419,0.9640033140273729,0.6111111111111112,0.6111111111111112,2.7599757714024675,0.0,0.462556486859814,0.7440476190476191,8
10,JPM,ridge,linear,0.053752208069103545,1.1226063476801684,0.5535714285714286,0.6111111111111112,-18.109246169073835,-9.415584415584417,0.1615208248753377,0.7698412698412698,8
10,JPM,elastic_net,linear,0.06142962457672061,1.2822454119702644,0.5555555555555555,0.6111111111111112,-38.22973464972006,-9.090909090909093,0.07306482884555554,0.7341269841269842,8
10,JPM,random_forest,tree,0.04723443966625534,0.9793950258125479,0.6150793650793651,0.6111111111111112,0.12593352965365456,0.649350649350647,0.9808975861502127,0.7162698412698412,8
10,JPM,gradient_boosting,tree,0.05422475930541831,1.11941907296266,0.5198412698412698,0.6111111111111112,-14.841027069414547,-14.935064935064934,0.0872249998451704,0.746031746031746,8
10,JPM,lightgbm,tree,0.05315880108712144,1.0970152519994558,0.5119047619047619,0.6111111111111112,-12.59519766535977,-16.233766233766247,0.12226247208545216,0.7658730158730158,8
10,XOM,naive_last_price,baseline,0.04470995211764074,1.0,,0.5664362519201229,0.0,0.0,,0.7063492063492063,8
10,XOM,historical_mean,baseline,0.044413066331021,0.9898853749912406,0.5664362519201229,0.5664362519201229,0.6988082602581658,0.0,0.5986566626375058,0.7202380952380952,8
10,XOM,ridge,linear,0.06483898773686855,1.4101158200345738,0.544610855094726,0.5664362519201229,-58.091674086549006,-3.8596491228070273,0.028392483143261815,0.7003968253968254,8
10,XOM,elastic_net,linear,0.0739249128459533,1.6304534035208231,0.5307859703020994,0.5664362519201229,-77.22989356989717,-6.315789473684212,0.017716142687389302,0.7023809523809523,8
10,XOM,random_forest,tree,0.045054607839229696,0.9951839027769842,0.51273681515617,0.5664362519201229,-1.4824898130116893,-9.473684210526319,0.5517965255247717,0.7222222222222222,8
10,XOM,gradient_boosting,tree,0.051053443362855035,1.1461324465297411,0.5147849462365591,0.5664362519201229,-15.726968264723462,-9.12280701754386,0.07834454049282935,0.6924603174603174,8
10,XOM,lightgbm,tree,0.05096918929413105,1.16658045291129,0.496831797235023,0.5664362519201229,-14.613697129985503,-12.280701754385964,0.08669396383718286,0.7023809523809523,8
10,JNJ,naive_last_price,baseline,0.036803252853541316,1.0,,0.6016705069124424,0.0,0.0,,0.8075396825396826,8
10,JNJ,historical_mean,baseline,0.03704870491418961,1.0093515588620254,0.41221838197644645,0.6016705069124424,-0.5605656986394925,-31.68316831683169,0.5568324666738906,0.8015873015873015,8
10,JNJ,ridge,linear,0.08891169468323656,2.564814746059099,0.4538850486431132,0.6016705069124424,-181.95043543542545,-24.752475247524757,0.002395043197931379,0.5972222222222223,8
10,JNJ,elastic_net,linear,0.10309803506128858,2.982692292651503,0.44594854070660517,0.6016705069124424,-227.84564013071082,-26.072607260726073,0.0019210522803534413,0.5674603174603174,8
10,JNJ,random_forest,tree,0.03785131346862761,1.022636792204805,0.4815988223246288,0.6016705069124424,-3.6552049419874777,-20.132013201320138,0.18850337200966516,0.8015873015873016,8
10,JNJ,gradient_boosting,tree,0.04200514941375361,1.1241657387260602,0.5114247311827956,0.6016705069124424,-16.82520292132772,-15.18151815181519,0.019338028593707923,0.7162698412698412,8
10,JNJ,lightgbm,tree,0.041586939838342676,1.1030183337595258,0.4935355862775217,0.6016705069124424,-15.688263766394893,-18.151815181518153,0.02129586319148924,0.7361111111111112,8
10,WMT,naive_last_price,baseline,0.048681288866606595,1.0,,0.6408730158730158,0.0,0.0,,0.7738095238095237,8
10,WMT,historical_mean,baseline,0.046980258295302994,0.9608493581431325,0.6408730158730158,0.6408730158730158,2.748532536668935,0.0,0.40769290011517656,0.7658730158730158,8
10,WMT,ridge,linear,0.0801821057732962,1.9297267071219724,0.4662698412698413,0.6408730158730158,-71.38818936065006,-27.244582043343655,6.257530706066383e-05,0.5515873015873016,8
10,WMT,elastic_net,linear,0.08916499933573285,2.1721420182453692,0.4642857142857143,0.6408730158730158,-94.69062062022844,-27.55417956656347,9.649070082740074e-05,0.5317460317460317,8
10,WMT,random_forest,tree,0.04739031051092843,0.9801862200379408,0.5059523809523809,0.6408730158730158,2.16568919965453,-21.052631578947377,0.5732636891026113,0.7599206349206349,8
10,WMT,gradient_boosting,tree,0.05078851798795047,1.0920049906452212,0.5257936507936507,0.6408730158730158,-4.987613885556863,-17.95665634674923,0.35161279861197947,0.753968253968254,8
10,WMT,lightgbm,tree,0.05206846999436252,1.1122095421185634,0.5178571428571428,0.6408730158730158,-7.383993955583956,-19.195046439628484,0.17911266713572105,0.738095238095238,8
10,SPY,naive_last_price,baseline,0.027590377122729735,1.0,,0.6388888888888888,0.0,0.0,,0.753968253968254,8
10,SPY,historical_mean,baseline,0.026709000093562425,0.9612914548484134,0.6388888888888888,0.6388888888888888,2.673742635502352,0.0,0.500376073512647,0.7619047619047619,8
10,SPY,ridge,linear,0.044407358420795504,1.6053992539543038,0.5079365079365079,0.6388888888888888,-67.4701273373288,-20.496894409937884,0.002511079763440227,0.6924603174603174,8
10,SPY,elastic_net,linear,0.05311026285914875,1.9103830495392042,0.503968253968254,0.6388888888888888,-106.81470127016138,-21.118012422360245,0.0020856140133500567,0.7003968253968254,8
10,SPY,random_forest,tree,0.026330108519148243,0.9306262185751474,0.6448412698412698,0.6388888888888888,3.8203481273982876,0.9316770186335545,0.5418803704440531,0.7738095238095237,8
10,SPY,gradient_boosting,tree,0.0295849184105692,1.0213618490280756,0.5992063492063492,0.6388888888888888,-11.401505586727524,-6.211180124223598,0.3579236253358322,0.7817460317460319,8
10,SPY,lightgbm,tree,0.028121029172396825,0.9485063313362286,0.5773809523809523,0.6388888888888888,-6.568597834717949,-9.627329192546586,0.5487113369882106,0.7996031746031746,8
21,AAPL,naive_last_price,baseline,0.0690930558925387,1.0,,0.6170634920634921,0.0,0.0,,0.7797619047619048,8
21,AAPL,historical_mean,baseline,0.06728589783719949,0.9592643138635786,0.6170634920634921,0.6170634920634921,2.3205218996535493,0.0,0.6518582546057587,0.8035714285714286,8
21,AAPL,ridge,linear,0.1281254723617622,2.1566686444933465,0.5892857142857142,0.6170634920634921,-103.13009312149006,-4.501607717041802,0.07319758016527578,0.6706349206349206,8
21,AAPL,elastic_net,linear,0.15482967276157375,2.526082671895912,0.5793650793650793,0.6170634920634921,-158.7267914681143,-6.1093247588424395,0.09793412130153412,0.7103174603174603,8
21,AAPL,random_forest,tree,0.0661496713058029,0.9473904209955059,0.628968253968254,0.6170634920634921,3.6455116436223234,1.9292604501607649,0.5354506717435046,0.7936507936507937,8
21,AAPL,gradient_boosting,tree,0.06869557771746489,1.0020626100142633,0.6051587301587302,0.6170634920634921,0.18371414447466705,-1.9292604501607826,0.9790937103524557,0.7400793650793651,8
21,AAPL,lightgbm,tree,0.06722824090953121,0.9582511697505818,0.6349206349206349,0.6170634920634921,1.199829384440998,2.893890675241147,0.8679251163320298,0.7341269841269841,8
21,MSFT,naive_last_price,baseline,0.06747627939915145,1.0,,0.4444444444444444,0.0,0.0,,0.7182539682539683,8
21,MSFT,historical_mean,baseline,0.07239517062161127,1.1281079107417327,0.4444444444444444,0.4444444444444444,-4.235807674637693,0.0,0.530127396496721,0.7440476190476191,8
21,MSFT,ridge,linear,0.09012672997798533,1.6715577475155208,0.5059523809523809,0.4444444444444444,-30.86019126725599,13.839285714285715,0.12375851442817454,0.7837301587301587,8
21,MSFT,elastic_net,linear,0.10186518562961094,2.016141752990976,0.5436507936507937,0.4444444444444444,-51.56576302180007,22.321428571428566,0.06138700508699246,0.8134920634920635,8
21,MSFT,random_forest,tree,0.07858006193092257,1.2846532679711693,0.4484126984126984,0.4444444444444444,-12.918069162285285,0.8928571428571521,0.24921015015658643,0.7003968253968254,8
21,MSFT,gradient_boosting,tree,0.10857202202982796,1.9373988122537102,0.4444444444444444,0.4444444444444444,-57.53567747326982,0.0,0.006485084243633921,0.5972222222222222,8
21,MSFT,lightgbm,tree,0.10529921455006869,1.8746768731763424,0.46230158730158727,0.4444444444444444,-52.57964490509757,4.017857142857154,0.008280274247651542,0.6111111111111112,8
21,NVDA,naive_last_price,baseline,0.10154256820134111,1.0,,0.5734126984126984,0.0,0.0,,0.8055555555555556,8
21,NVDA,historical_mean,baseline,0.11471768822387227,1.2575351008695526,0.5734126984126984,0.5734126984126984,-13.055072075244901,0.0,0.46555917742680286,0.8154761904761905,8
21,NVDA,ridge,linear,0.22136291078812953,2.38630559474021,0.5198412698412699,0.5734126984126984,-129.26288483047261,-9.342560553633204,0.026055889862678594,0.7797619047619048,8
21,NVDA,elastic_net,linear,0.2917969611398613,3.2817158907037935,0.5257936507936507,0.5734126984126984,-198.21839184462573,-8.304498269896184,0.004133415129289997,0.7261904761904762,8
21,NVDA,random_forest,tree,0.1257560405126671,1.384649174774745,0.5734126984126984,0.5734126984126984,-23.967668334557366,0.0,0.23897178558406718,0.8154761904761905,8
21,NVDA,gradient_boosting,tree,0.15251973831200716,1.769814269816538,0.5238095238095237,0.5734126984126984,-46.98311733353917,-8.650519031141858,0.03839062592307396,0.8392857142857143,8
21,NVDA,lightgbm,tree,0.15679869743368105,1.8452107785891605,0.5317460317460317,0.5734126984126984,-51.387538271324296,-7.266435986159163,0.031183369329957245,0.8333333333333333,8
21,GOOGL,naive_last_price,baseline,0.09996610629985611,1.0,,0.6031746031746033,0.0,0.0,,0.7638888888888888,8
21,GOOGL,historical_mean,baseline,0.09642227919541281,0.9812598378584223,0.6031746031746033,0.6031746031746033,2.941535851762467,0.0,0.6171828473137082,0.7638888888888888,8
21,GOOGL,ridge,linear,0.1719412746089125,1.9328547933092874,0.5059523809523809,0.6031746031746033,-79.62352325027555,-16.11842105263158,0.0011213745773184236,0.6646825396825397,8
21,GOOGL,elastic_net,linear,0.1925816320944495,2.141578275079329,0.5297619047619047,0.6031746031746033,-100.56249509581225,-12.171052631578942,0.000372512454645868,0.6527777777777778,8
21,GOOGL,random_forest,tree,0.10157228662177181,1.0347164487789495,0.5218253968253969,0.6031746031746033,-4.546794502057905,-13.486842105263147,0.5616582420871477,0.7261904761904763,8
21,GOOGL,gradient_boosting,tree,0.1159886828287649,1.1833267319731686,0.5357142857142857,0.6031746031746033,-22.062795105298004,-11.184210526315788,0.11637665490670202,0.7142857142857143,8
21,GOOGL,lightgbm,tree,0.11460035852238185,1.165172916331805,0.5059523809523809,0.6031746031746033,-20.287069914294076,-16.11842105263158,0.13812662709205403,0.7063492063492063,8
21,AMZN,naive_last_price,baseline,0.08902008033967063,1.0,,0.5932539682539683,0.0,0.0,,0.7341269841269842,8
21,AMZN,historical_mean,baseline,0.08959074718767152,1.0126733562237467,0.5932539682539683,0.5932539682539683,-1.6426855915828487,0.0,0.7971157867942977,0.6765873015873015,8
21,AMZN,ridge,linear,0.1314298288107088,1.7248139144925774,0.4821428571428571,0.5932539682539683,-46.1859793233252,-18.729096989966553,0.0048550518441687895,0.6805555555555555,8
21,AMZN,elastic_net,linear,0.14708538691835898,1.958946598668568,0.4841269841269841,0.5932539682539683,-64.19987713878976,-18.394648829431436,0.004213585234491557,0.6468253968253969,8
21,AMZN,random_forest,tree,0.08780123637957449,1.0171277240132262,0.5793650793650794,0.5932539682539683,-0.3896515022682623,-2.341137123745811,0.96531121317709,0.6944444444444444,8
21,AMZN,gradient_boosting,tree,0.09510789982897952,1.148447597738198,0.5813492063492064,0.5932539682539683,-8.350125631361172,-2.0066889632106952,0.49448597083878454,0.6626984126984127,8
21,AMZN,lightgbm,tree,0.09580650979562345,1.1804861487943734,0.5654761904761905,0.5932539682539683,-8.930557825283625,-4.68227424749164,0.4518395918828475,0.6408730158730158,8
21,META,naive_last_price,baseline,0.09350810707767682,1.0,,0.5337301587301587,0.0,0.0,,0.8095238095238095,8
21,META,historical_mean,baseline,0.0997639010378902,1.1127991810328182,0.5337301587301587,0.5337301587301587,-6.883475630646174,0.0,0.5632248066768679,0.8174603174603174,8
21,META,ridge,linear,0.12626397620199475,1.4559512983706822,0.4325396825396825,0.5337301587301587,-31.853675819684458,-18.959107806691446,0.03265950602953893,0.7896825396825397,8
21,META,elastic_net,linear,0.1444963075283959,1.702394753418663,0.4285714285714286,0.5337301587301587,-50.995284432102,-19.702602230483272,0.015935080909909027,0.75,8
21,META,random_forest,tree,0.11559820975057399,1.353866100498884,0.5059523809523809,0.5337301587301587,-22.42913249513263,-5.2044609665427535,0.10706935335373635,0.7956349206349206,8
21,META,gradient_boosting,tree,0.1307070596097615,1.5675287898300474,0.4900793650793651,0.5337301587301587,-39.909432595445374,-8.17843866171004,0.04599081501388458,0.7718253968253967,8
21,META,lightgbm,tree,0.13021876122820036,1.5782786015263937,0.49603174603174605,0.5337301587301587,-39.38998258007924,-7.063197026022301,0.04292734902706696,0.7638888888888888,8
21,TSLA,naive_last_price,baseline,0.1583923525371832,1.0,,0.5158730158730158,0.0,0.0,,0.8035714285714286,8
21,TSLA,historical_mean,baseline,0.16234334085790803,1.0666881654123712,0.43452380952380953,0.5158730158730158,-2.058969676408684,-15.769230769230777,0.5686992136212796,0.8234126984126984,8
21,TSLA,ridge,linear,0.2636624002961123,1.912687741562382,0.49603174603174605,0.5158730158730158,-70.7480332090771,-3.8461538461538534,0.011494797495903875,0.7896825396825398,8
21,TSLA,elastic_net,linear,0.3762231949592719,2.6176143162328644,0.49206349206349204,0.5158730158730158,-159.12018215698697,-4.615384615384631,0.026711041112124745,0.626984126984127,8
21,TSLA,random_forest,tree,0.16057101606471574,1.01581312120177,0.6448412698412698,0.5158730158730158,-1.1689653862560156,24.999999999999993,0.7809388374329294,0.8531746031746033,8
21,TSLA,gradient_boosting,tree,0.19090877241573398,1.2232678752285735,0.5793650793650793,0.5158730158730158,-21.779070646880427,12.307692307692305,0.03616455717021294,0.878968253968254,8
21,TSLA,lightgbm,tree,0.1821725540291017,1.1659673034191524,0.5595238095238095,0.5158730158730158,-15.53288102579511,8.461538461538453,0.05315767223599188,0.878968253968254,8
21,JPM,naive_last_price,baseline,0.0657119876007835,1.0,,0.626984126984127,0.0,0.0,,0.7123015873015873,8
21,JPM,historical_mean,baseline,0.061511353825171936,0.9752138475689562,0.626984126984127,0.626984126984127,5.953459177743481,0.0,0.44234479931802184,0.7083333333333333,8
21,JPM,ridge,linear,0.08526802624577454,1.3154538271062561,0.6071428571428572,0.626984126984127,-29.540973628051393,-3.164556962025323,0.04660658577806309,0.6011904761904762,8
21,JPM,elastic_net,linear,0.09639971533245986,1.4785270168757387,0.5773809523809524,0.626984126984127,-47.04251995025093,-7.911392405063299,0.011987565889679752,0.5595238095238095,8
21,JPM,random_forest,tree,0.06181144747485629,0.9707667724196132,0.6329365079365079,0.626984126984127,4.557337743118939,0.9493670886075914,0.6630916709412054,0.7380952380952381,8
21,JPM,gradient_boosting,tree,0.0678611736494131,1.0834772344068897,0.6190476190476191,0.626984126984127,-3.195325294360263,-1.265822784810122,0.755554742457218,0.7341269841269842,8
21,JPM,lightgbm,tree,0.06512817877334168,1.0249167628819635,0.6349206349206349,0.626984126984127,-0.22454937585874024,1.265822784810122,0.9840308001047116,0.7559523809523809,8
21,XOM,naive_last_price,baseline,0.06350812867839878,1.0,,0.6287122375832053,0.0,0.0,,0.7261904761904762,8
21,XOM,historical_mean,baseline,0.06352439737951342,0.9930742797863068,0.6287122375832053,0.6287122375832053,0.4727055915795475,0.0,0.8543456876323685,0.7400793650793651,8
21,XOM,ridge,linear,0.09303638697624325,1.4523095548363223,0.5807411674347158,0.6287122375832053,-58.11478745113023,-7.594936708860768,0.05889813732963134,0.6686507936507936,8
21,XOM,elastic_net,linear,0.10459367807114295,1.602263272024427,0.5647401433691757,0.6287122375832053,-81.52852072674344,-10.126582278481019,0.06889542831789242,0.6706349206349207,8
21,XOM,random_forest,tree,0.06420760112579132,0.9819553452616565,0.5425307219662059,0.6287122375832053,-2.661808945868116,-13.607594936708859,0.5341706988783039,0.7420634920634921,8
21,XOM,gradient_boosting,tree,0.07046002000054913,1.1557693082727434,0.5086725550435228,0.6287122375832053,-11.955942927666086,-18.98734177215191,0.10790626586445162,0.7222222222222222,8
21,XOM,lightgbm,tree,0.0694754965832166,1.138413844093995,0.5165770609318996,0.6287122375832053,-10.178174627178871,-17.721518987341767,0.15011031815735176,0.7242063492063492,8
21,JNJ,naive_last_price,baseline,0.06118002026081891,1.0,,0.6386328725038402,0.0,0.0,,0.7301587301587301,8
21,JNJ,historical_mean,baseline,0.06025313808016011,0.9892547355854353,0.5314900153609831,0.6386328725038402,1.5441400958222995,-16.822429906542062,0.47702485374272197,0.7281746031746031,8
21,JNJ,ridge,linear,0.14210839158651484,2.6373363995246466,0.4030337941628264,0.6386328725038402,-169.0416881063028,-36.7601246105919,0.02293224122202986,0.494047619047619,8
21,JNJ,elastic_net,linear,0.15728247997079575,2.932507225095338,0.3990655401945724,0.6386328725038402,-194.37266054443288,-37.383177570093466,0.018820126976417884,0.48809523809523814,8
21,JNJ,random_forest,tree,0.0608738288181352,0.9836225816293018,0.5201292882744496,0.6386328725038402,-0.7245779849458067,-18.380062305295958,0.8496628737546594,0.7222222222222222,8
21,JNJ,gradient_boosting,tree,0.06987416442748619,1.2053107902221598,0.5181131592421915,0.6386328725038402,-18.603265764470002,-18.69158878504674,0.0895820875986888,0.7103174603174603,8
21,JNJ,lightgbm,tree,0.0674571956834175,1.1556664791707223,0.5081925243215566,0.6386328725038402,-13.916337660751354,-20.249221183800636,0.14416170534703854,0.7142857142857143,8
21,WMT,naive_last_price,baseline,0.06978495180981467,1.0,,0.6322644649257553,0.0,0.0,,0.8154761904761905,8
21,WMT,historical_mean,baseline,0.0659984573565314,0.9778756370684643,0.6322644649257553,0.6322644649257553,3.3022549075009344,0.0,0.6113567258259922,0.7361111111111112,8
21,WMT,ridge,linear,0.1364025750799157,2.300888696651316,0.4596454173067076,0.6322644649257553,-102.79457200910507,-27.358490566037734,0.0008678946102811391,0.43253968253968256,8
21,WMT,elastic_net,linear,0.15691921510598583,2.656649507049091,0.4338517665130568,0.6322644649257553,-135.1769623597471,-31.446540880503143,0.0003132319602243694,0.44246031746031744,8
21,WMT,random_forest,tree,0.06624158661126872,0.9934488608338744,0.51718509984639,0.6322644649257553,1.4046616194194117,-18.238993710691812,0.8627573154957817,0.7182539682539683,8
21,WMT,gradient_boosting,tree,0.07480402650886349,1.1101248477458487,0.4911994367639529,0.6322644649257553,-11.972000172968201,-22.32704402515723,0.2603922645697456,0.6468253968253967,8
21,WMT,lightgbm,tree,0.07504595600728697,1.1263748927987214,0.5032322068612392,0.6322644649257553,-12.596043720025074,-20.440251572327043,0.26523769542442066,0.6686507936507937,8
21,SPY,naive_last_price,baseline,0.039628919505984586,1.0,,0.7023809523809523,0.0,0.0,,0.7202380952380951,8
21,SPY,historical_mean,baseline,0.035781567400331844,0.86382878047291,0.7023809523809523,0.7023809523809523,6.073794999437787,0.0,0.49145220082899077,0.6884920634920635,8
21,SPY,ridge,linear,0.06385492972682348,1.850248793991162,0.5753968253968254,0.7023809523809523,-59.601683831308435,-18.07909604519774,0.02086060723588501,0.6944444444444444,8
21,SPY,elastic_net,linear,0.0733378293907796,2.1393999793947653,0.5833333333333333,0.7023809523809523,-87.8223498999118,-16.949152542372868,0.028038469087142692,0.7142857142857143,8
21,SPY,random_forest,tree,0.034968394496344826,0.8513745359006815,0.7103174603174602,0.7023809523809523,7.112336136906983,1.1299435028248705,0.5697318976362853,0.7242063492063493,8
21,SPY,gradient_boosting,tree,0.04310346501376666,1.1347352308357697,0.5952380952380952,0.7023809523809523,-12.339397039424039,-15.254237288135588,0.4728632920362339,0.7222222222222222,8
21,SPY,lightgbm,tree,0.04167875720613956,1.0665765487118697,0.5932539682539683,0.7023809523809523,-9.603858074120431,-15.5367231638418,0.5683533981755002,0.7182539682539683,8
