horizon,symbol,model,rmse,mase,r2,rmse_skill_pct,dm_p,coverage
5,AAPL,naive_last_price,0.7081167255100211,1.0,-0.010316020282880395,0.0,,0.7996031746031746
5,AAPL,historical_mean,0.7086146945344799,1.0008776801488826,-0.011640359547332862,-0.07382510455067326,0.5335295025405054,0.7996031746031746
5,AAPL,ridge,0.809404659198956,1.1094512240243337,-0.33279193715476596,-34.11603765404643,0.24144813671190501,0.7916666666666666
5,AAPL,elastic_net,1.029924467954072,1.415763780955241,-1.2017677436533691,-77.59669743893312,0.04880001502184084,0.7440476190476191
5,AAPL,random_forest,0.6285836940956527,0.8905598028395979,0.20916610445299938,10.708913703031664,1.9230108083689856e-07,0.7976190476190477
5,AAPL,gradient_boosting,0.5875763770380392,0.8665980083790662,0.28861428793752364,15.449956584828817,0.005485958945401492,0.8293650793650793
5,AAPL,lightgbm,0.5775991814408493,0.8478283210727686,0.31508701607322553,17.619348762195607,0.0005719397088139733,0.8214285714285714
5,MSFT,naive_last_price,0.7065161254062422,1.0,-0.012750229021694148,0.0,,0.7638888888888888
5,MSFT,historical_mean,0.7062722606884803,0.9998171297138106,-0.01209906755595172,0.03776652288097759,0.6323702387597088,0.7678571428571428
5,MSFT,ridge,0.7597094180741842,1.0950187039309551,-0.20234118454177466,-15.966585741076544,0.15994323733286642,0.7777777777777778
5,MSFT,elastic_net,0.9465435816081713,1.3902275465121186,-0.8846127728683075,-42.94064280985119,0.0022940728699698543,0.7301587301587301
5,MSFT,random_forest,0.6325440869875784,0.8983149674016315,0.19507527190857976,9.840730727488989,1.751020926921143e-06,0.7638888888888888
5,MSFT,gradient_boosting,0.5875425488795918,0.8234599389128788,0.3070893210675475,14.848435787057813,0.004288164369972369,0.8075396825396826
5,MSFT,lightgbm,0.591013210186846,0.8348074714583014,0.297582226515272,14.71295834390891,0.004103975639929702,0.7996031746031745
5,NVDA,naive_last_price,0.643025027042508,1.0,-0.007328555726701214,0.0,,0.8035714285714286
5,NVDA,historical_mean,0.6431193346573436,0.9999628805022123,-0.007448813155491479,-0.02156642806872,0.8666462747529495,0.8115079365079365
5,NVDA,ridge,0.6357653783808755,1.0250044912902427,-0.14614031713297643,-0.0250244472260297,0.9969562004047545,0.8075396825396826
5,NVDA,elastic_net,0.7839371012657851,1.3311851471828264,-0.8221803849060317,-23.206718880543775,0.003615354739102683,0.8174603174603174
5,NVDA,random_forest,0.5763258369585192,0.8716180978270325,0.19285456811016313,10.179659568429166,1.776562097433043e-08,0.8253968253968254
5,NVDA,gradient_boosting,0.5644211046568693,0.8411190779353369,0.21655328142686148,11.936305823489878,0.0041644899519639456,0.8174603174603174
5,NVDA,lightgbm,0.5519565190376357,0.8196228745413543,0.25198842967274343,13.95718118271716,0.0006339644406219147,0.8035714285714286
5,GOOGL,naive_last_price,0.637216550694848,1.0,-0.005912242475865304,0.0,,0.8313492063492063
5,GOOGL,historical_mean,0.6376709849032345,0.9999311534753367,-0.007557409085743538,-0.06264554040442682,0.36215629922844705,0.8313492063492063
5,GOOGL,ridge,0.7644874318002066,1.271128452700094,-0.675935526246618,-24.017854037723254,0.019556916381366918,0.7837301587301587
5,GOOGL,elastic_net,1.1560907657421275,2.0340425751125517,-3.0360430549858286,-92.3479323954314,4.5117007729800207e-07,0.7281746031746031
5,GOOGL,random_forest,0.5585922932987142,0.8754090176339628,0.22912928265313884,12.052823166756255,2.2274387290188713e-07,0.8293650793650793
5,GOOGL,gradient_boosting,0.6160688357966622,0.9814510170045335,0.021962901785795325,2.4595813413360923,0.6779499551172539,0.8234126984126984
5,GOOGL,lightgbm,0.6037413224162618,0.9558782873489904,0.06385361340596711,4.239986757497927,0.4696176962049967,0.7916666666666667
5,AMZN,naive_last_price,0.654748940054154,1.0,-0.009199456250439109,0.0,,0.8234126984126984
5,AMZN,historical_mean,0.6549950293332247,1.0007415446919166,-0.009954297161756831,-0.03708231191201783,0.7980016602960291,0.8273809523809523
5,AMZN,ridge,0.6214790883502753,0.9596274412099335,-0.0033155194849417147,0.8338369084470276,0.9154759391620795,0.7976190476190477
5,AMZN,elastic_net,0.7586445169931848,1.1966413239303189,-0.6018381986673031,-24.112612941031287,0.08248756895856513,0.7896825396825398
5,AMZN,random_forest,0.5785069139377039,0.8821584895065374,0.21357855307114798,11.500308097008006,4.780668949599942e-08,0.8373015873015872
5,AMZN,gradient_boosting,0.5197769076614023,0.7793025408326782,0.3551354485626475,20.15456438255132,0.0006825057090154019,0.8392857142857143
5,AMZN,lightgbm,0.5066906842993962,0.7542750058845642,0.3861009239416927,22.154146170038135,0.00010224392505531199,0.8591269841269842
5,META,naive_last_price,0.6715400916809832,1.0,-0.00351887264479972,0.0,,0.8214285714285714
5,META,historical_mean,0.6714838989694197,0.9996345962776836,-0.0032819443330366904,0.006153579535128628,0.9393661904775774,0.8194444444444444
5,META,ridge,0.663543448661617,0.9844954519675413,-0.017988906169165375,-2.4960923226734044,0.79747410170076,0.8373015873015872
5,META,elastic_net,0.7741906580674852,1.1854084057633418,-0.4204459621245986,-20.637542675368724,0.10692050684972099,0.8392857142857142
5,META,random_forest,0.6033705645070357,0.9053394972453176,0.1899364691681596,10.081851617600101,2.124891646926308e-05,0.8055555555555556
5,META,gradient_boosting,0.5896276870595771,0.8900688925013485,0.208658050869154,12.070832768830064,0.05862648453061858,0.8273809523809523
5,META,lightgbm,0.5918440773134266,0.891076686856118,0.2019971746011477,11.792090530897559,0.06607522846531522,0.8075396825396826
5,TSLA,naive_last_price,0.6583234793481995,1.0,-0.007140880047679765,0.0,,0.8273809523809523
5,TSLA,historical_mean,0.6586312423487342,1.0002541816708947,-0.008275758492983093,-0.037080768727570934,0.5075141030735502,0.8253968253968254
5,TSLA,ridge,0.6425253829485995,0.9675156973576613,-0.018155056768870165,0.23729041048242694,0.9763628022933144,0.8472222222222221
5,TSLA,elastic_net,0.9621225919366543,1.506445179542218,-1.9842240835961356,-67.5625708280575,0.008372664902244642,0.8095238095238095
5,TSLA,random_forest,0.5716227667027238,0.8548796042190623,0.2467336356632589,12.458523809653643,2.191523211791946e-07,0.8353174603174602
5,TSLA,gradient_boosting,0.5048873417556643,0.7613976408596981,0.4053517309923722,22.84657954893291,1.0914506072046137e-05,0.871031746031746
5,TSLA,lightgbm,0.5064131253317081,0.7602209086128133,0.4017927461575519,22.646754873891517,1.2920923515569172e-05,0.8472222222222221
5,JPM,naive_last_price,0.7082690787079521,1.0,-0.005420130681192542,0.0,,0.8511904761904762
5,JPM,historical_mean,0.7082609907346384,1.0009296150313527,-0.005395223877845745,0.0014974286403290904,0.9887756662179976,0.8531746031746031
5,JPM,ridge,0.6731831841015912,1.011018533776894,0.026339828055665704,6.42252872077348,0.2871883062042695,0.8373015873015873
5,JPM,elastic_net,0.8488136608195278,1.3125447100671044,-0.6330838028943113,-18.438643130636056,0.020835835508199008,0.8432539682539683
5,JPM,random_forest,0.6272412985208587,0.8740227179653387,0.2111337446012098,11.25075279845813,3.469400549072077e-07,0.8293650793650793
5,JPM,gradient_boosting,0.6102014673163443,0.8778987930785028,0.21712632336033894,14.755282754107423,0.010857106540395067,0.8432539682539683
5,JPM,lightgbm,0.5982910774973194,0.8536871938149876,0.2540137999555109,16.300546837226058,0.0042431833000522445,0.8432539682539683
5,XOM,naive_last_price,0.607242196832139,1.0,-0.0029249990792035996,0.0,,0.8075396825396826
5,XOM,historical_mean,0.6074263504331678,1.0005503116061174,-0.0036626233546684928,-0.023515650149175116,0.7601722571584109,0.8075396825396826
5,XOM,ridge,0.5449131202782167,0.8800990173747909,0.1492335029718747,9.125370164403124,0.13061772516410253,0.8055555555555555
5,XOM,elastic_net,0.6837139789926379,1.1182350638226377,-0.39418953620274866,-16.70215742942034,0.10512323555837999,0.8015873015873016
5,XOM,random_forest,0.5172274517919114,0.8468973942676548,0.2754809390550144,14.557847308662431,1.4910295220715852e-12,0.7857142857142858
5,XOM,gradient_boosting,0.5069960828262235,0.8279766478946049,0.25766858728449693,16.4195914760922,0.0014084209070197584,0.7738095238095237
5,XOM,lightgbm,0.5155658443819066,0.8449320160162359,0.23574434637825872,15.084023088000698,0.002832095594742068,0.7599206349206349
5,JNJ,naive_last_price,0.6270011204623532,1.0,-0.0018508138888407577,0.0,,0.8571428571428572
5,JNJ,historical_mean,0.6269176239235325,1.0001762771046765,-0.0015515327248671884,0.011536660468181026,0.9204425245837311,0.8531746031746033
5,JNJ,ridge,0.7607618560174184,1.2359938531249375,-0.6828340136350686,-32.44748822535695,0.10095557338586092,0.8015873015873016
5,JNJ,elastic_net,0.9434771037094585,1.5452071684409785,-1.7549155569234598,-68.79611169506789,0.006732931261220099,0.7797619047619048
5,JNJ,random_forest,0.5490864800989324,0.8568781198496765,0.23183859972465298,12.239210445071091,2.864802104429742e-07,0.875
5,JNJ,gradient_boosting,0.5528781949462112,0.8517639738705866,0.2035599984749469,10.779186247120032,0.05054182750930569,0.871031746031746
5,JNJ,lightgbm,0.5696440576984471,0.8802281322271719,0.1440244263086346,7.749622485239893,0.1890536063992001,0.8511904761904762
5,WMT,naive_last_price,0.7151198373960185,1.0,-0.00625335844786179,0.0,,0.7916666666666667
5,WMT,historical_mean,0.7154899870106859,1.0005779849516303,-0.007589568918561579,-0.03750507021764715,0.8034916326755923,0.7837301587301587
5,WMT,ridge,0.8016524733080268,1.2804554969041007,-1.018381587503472,-12.247528134742813,0.29364210931495505,0.753968253968254
5,WMT,elastic_net,1.0632392561452466,1.715191868325105,-3.0213932888220616,-53.90717432604977,0.033878671383823944,0.75
5,WMT,random_forest,0.6490259554966429,0.9014356651422759,0.16343677624108588,9.32953997156999,0.00011727892469926005,0.7956349206349206
5,WMT,gradient_boosting,0.6685481041262793,0.9936684789741512,-0.0708917703692065,8.55956272950269,0.23085094990069077,0.751984126984127
5,WMT,lightgbm,0.6668006429056348,0.9822260830906208,-0.04232451899807618,8.835063933377041,0.21353759783217674,0.7658730158730158
5,SPY,naive_last_price,0.647112648944117,1.0,-0.012673957864373447,0.0,,0.7837301587301586
5,SPY,historical_mean,0.6477524881052381,1.001023100352648,-0.015493978487937127,-0.06721857847289403,0.6488756924264694,0.7738095238095237
5,SPY,ridge,0.694191727969828,1.037968616812192,-0.24428756426975984,-15.559953818310635,0.40119311643327427,0.8075396825396826
5,SPY,elastic_net,0.812806848256154,1.2506029563135508,-0.7354119933373938,-36.00514466587461,0.10187271871098424,0.8015873015873016
5,SPY,random_forest,0.5816399197078288,0.9042701430115306,0.17722820542510448,10.118089806436203,1.0957752651252761e-05,0.7896825396825397
5,SPY,gradient_boosting,0.543292894279779,0.8648437724363001,0.2433105558883111,15.540950846191492,0.006005427027452548,0.7837301587301586
5,SPY,lightgbm,0.5474454227202319,0.860593594186448,0.23938133216241583,14.903320761082972,0.009552636989038854,0.7698412698412698
10,AAPL,naive_last_price,0.5286882520093983,1.0,-0.052459791598003985,0.0,,0.7916666666666666
10,AAPL,historical_mean,0.5295462654792165,1.0040381179889577,-0.056569979463934855,-0.14711309856727528,0.6137884220887635,0.7976190476190477
10,AAPL,ridge,0.6624842212199248,1.1780726980797238,-0.6804525528053866,-51.56482638138713,0.25450766235641664,0.8075396825396826
10,AAPL,elastic_net,0.927880787602363,1.6439726521994948,-2.5539810123775286,-129.50811642543755,0.16371063526361995,0.7698412698412698
10,AAPL,random_forest,0.4782156552507454,0.9039458881779721,0.13655509331526927,9.235463443369873,0.003255601116103124,0.8134920634920635
10,AAPL,gradient_boosting,0.44868466938019713,0.855637661778809,0.22288039660924622,13.531329922852532,0.0775427662676651,0.8551587301587301
10,AAPL,lightgbm,0.4501157396062142,0.8756597496956768,0.2071294591974758,13.762021413551684,0.06986429369069969,0.8452380952380952
10,MSFT,naive_last_price,0.533714083617477,1.0,-0.023784421184954857,0.0,,0.7936507936507936
10,MSFT,historical_mean,0.5339149932055998,1.0029567136102036,-0.025069877402970675,-0.014278602684392183,0.9607752231616864,0.7916666666666666
10,MSFT,ridge,0.6789671839821794,1.416812693447488,-1.0193696192697188,-34.106298530302894,0.04445878047029561,0.7321428571428572
10,MSFT,elastic_net,0.9058618189792892,1.9540273306231086,-2.906465177103771,-80.66472793778827,0.001657957278798472,0.6329365079365079
10,MSFT,random_forest,0.5027143576677535,0.9383393642850397,0.07750778366013279,6.0340419238176235,0.03367527566705819,0.7876984126984127
10,MSFT,gradient_boosting,0.46772196069372807,0.9025037621943368,0.18967251124015538,11.958292513747148,0.044596028255470044,0.7976190476190477
10,MSFT,lightgbm,0.460553128274249,0.8827916030922862,0.21466512452180658,13.471641695945225,0.02285682030408087,0.7896825396825397
10,NVDA,naive_last_price,0.44750442147441294,1.0,-0.04612033103210594,0.0,,0.7757936507936507
10,NVDA,historical_mean,0.4480413445659528,0.9997146921712836,-0.046804376818066956,-0.12371815330052272,0.7167356080495737,0.7757936507936507
10,NVDA,ridge,0.5741073796990062,1.463667273918494,-1.2790045430193844,-28.097435625805687,0.030021862970640356,0.8075396825396826
10,NVDA,elastic_net,0.7436249200905082,1.99201562702361,-3.075664317929782,-65.7338656709082,0.00018363689462552735,0.7777777777777777
10,NVDA,random_forest,0.4333524623277114,0.9603823083139482,0.02273921288463393,3.1133239966811166,0.3680388039596192,0.8115079365079365
10,NVDA,gradient_boosting,0.4524546650569585,0.9991347266133261,-0.09282088966976665,-2.025005020291326,0.7750215992133782,0.7857142857142857
10,NVDA,lightgbm,0.44613428264830735,0.9749378190391037,-0.041469195780068635,-0.8227662951054482,0.9088243214073066,0.7916666666666665
10,GOOGL,naive_last_price,0.47046443164384294,1.0,-0.016526221485935855,0.0,,0.8273809523809523
10,GOOGL,historical_mean,0.4717183057289155,1.0035108232365832,-0.024029041188920464,-0.20700225820957652,0.4871646293020162,0.8273809523809523
10,GOOGL,ridge,0.5989441342082813,1.3174278905550476,-0.8280712310424898,-33.895366457131246,0.03310762962626668,0.7718253968253967
10,GOOGL,elastic_net,1.1055336168147654,2.5929810649278555,-7.565745470920228,-174.88072744618415,0.0034254277197027783,0.6428571428571428
10,GOOGL,random_forest,0.4176196497036905,0.8871366382069827,0.19612403912373688,10.906599518895332,0.008883815923866667,0.8115079365079365
10,GOOGL,gradient_boosting,0.45112310305859415,0.9459427467208139,-0.006731206671898984,2.0290294176486867,0.8391420261007307,0.8551587301587301
10,GOOGL,lightgbm,0.4439438098498477,0.9154045029424853,0.025520563402611912,3.200133069172917,0.7520177492692974,0.8511904761904762
10,AMZN,naive_last_price,0.4780304058173862,1.0,-0.020145054809241586,0.0,,0.8591269841269842
10,AMZN,historical_mean,0.47917982937925585,1.002834261089189,-0.024847670104220093,-0.24085634986816817,0.5291475753586066,0.8690476190476191
10,AMZN,ridge,0.47390356695491703,1.0189093753851282,-0.2705579935642705,-1.8671957647749649,0.875777552294875,0.7638888888888888
10,AMZN,elastic_net,0.5507989311564785,1.2383912177278567,-0.8813103844721966,-15.253476042839043,0.20096187307923108,0.7698412698412698
10,AMZN,random_forest,0.42430031446778793,0.8803266171215184,0.19836601739622794,10.985726208596658,0.00014829989471931704,0.876984126984127
10,AMZN,gradient_boosting,0.3907134007791976,0.8100114510007363,0.15772629996702675,18.989839791786867,0.012169822960375276,0.8591269841269841
10,AMZN,lightgbm,0.3858421120517088,0.797343604060096,0.20660748697466347,19.651493439862666,0.005549720514603784,0.8511904761904762
10,META,naive_last_price,0.5755995834142169,1.0,-0.008918915056399912,0.0,,0.8333333333333333
10,META,historical_mean,0.5758758355138871,1.0019676684857943,-0.010183746303872782,-0.039467194791109605,0.8816999185599186,0.8293650793650793
10,META,ridge,0.564011621593913,1.0376543938722118,-0.12790581526524486,-0.4545698223795913,0.9656684063143621,0.8055555555555556
10,META,elastic_net,0.6309963556912078,1.2030168591171524,-0.5782676967197942,-12.55612132599202,0.31570693808293937,0.8392857142857142
10,META,random_forest,0.537065241568679,0.9486305655085456,0.11477992469764778,6.750790100719506,0.04687534224067469,0.8134920634920635
10,META,gradient_boosting,0.5144175888499539,0.9502845589042748,0.10074472747655927,11.74401224048518,0.08417918911024458,0.8353174603174603
10,META,lightgbm,0.5131270322376565,0.9302995356568007,0.11910724868682664,11.877936989087178,0.07901226358509894,0.8194444444444444
10,TSLA,naive_last_price,0.3703115820264331,1.0,-0.043235521914525565,0.0,,0.8313492063492064
10,TSLA,historical_mean,0.3721338230364789,1.0042138038871884,-0.05509857101794391,-0.436471908108893,0.21454812398567435,0.8293650793650793
10,TSLA,ridge,0.44568268182014814,1.1595749576356633,-0.5722773620095591,-26.76940811656774,0.11083910495374938,0.8035714285714286
10,TSLA,elastic_net,0.6135060518349197,1.5936114329347773,-2.0812993302709524,-82.78518778141051,0.019425861635799846,0.7896825396825398
10,TSLA,random_forest,0.352488526793028,0.9327872497356657,0.002532574498089704,5.754874134974752,0.11061881149890906,0.8392857142857143
10,TSLA,gradient_boosting,0.3590698096268886,0.9949686106742851,-0.19552461920473485,3.6435259557156985,0.6186211547883669,0.8333333333333334
10,TSLA,lightgbm,0.3599295164065418,1.0036651774490977,-0.17821125361578455,3.5277630094612045,0.6161466830846514,0.8353174603174602
10,JPM,naive_last_price,0.6019673307074385,1.0,-0.04668908570805888,0.0,,0.8115079365079365
10,JPM,historical_mean,0.60245427485263,1.001933334441589,-0.04933809291768332,-0.04450703847860282,0.891013646539137,0.8174603174603174
10,JPM,ridge,0.544779351303536,0.9508091983641638,0.05477417169879596,10.331067305782371,0.20915182193577952,0.8353174603174602
10,JPM,elastic_net,0.6494426049456732,1.1346568842913611,-0.4109111665032905,-9.339022465867064,0.3798117221615258,0.8472222222222222
10,JPM,random_forest,0.5480661767221571,0.9126988161754046,0.11616901279772816,8.694489126417471,0.0051116975708422885,0.8472222222222222
10,JPM,gradient_boosting,0.5014446021766024,0.8180929303514073,0.25293958663097804,17.14662800979768,0.008799708303918852,0.8591269841269842
10,JPM,lightgbm,0.49036728428621096,0.7978307773993085,0.29652931077042366,18.590922624724104,0.003267440331406579,0.8591269841269842
10,XOM,naive_last_price,0.4068024621736529,1.0,-0.028422153397441474,0.0,,0.7936507936507936
10,XOM,historical_mean,0.4071565353357325,0.9993222189539257,-0.03226706764905227,-0.02127251753969439,0.9230519807314961,0.7936507936507936
10,XOM,ridge,0.43951254627207537,1.1532788726223488,-0.33844416625997686,-8.191289746659859,0.287476468318006,0.7301587301587302
10,XOM,elastic_net,0.5512467915709692,1.4606893621010704,-1.1390349952389045,-37.047841228608334,0.020376138895349838,0.7261904761904762
10,XOM,random_forest,0.37379839592615705,0.930326004565351,0.12780661646995023,8.198055242455737,0.0010024478313823693,0.7837301587301587
10,XOM,gradient_boosting,0.39954126645985355,1.0302997970152081,-0.035617122470267285,3.2067352604083665,0.4977000394470341,0.7321428571428572
10,XOM,lightgbm,0.392570536447451,1.0108300835822668,0.0009087510259558618,4.329262212675699,0.39118660949745987,0.7400793650793651
10,JNJ,naive_last_price,0.5218122064327348,1.0,-0.02228655991972553,0.0,,0.8234126984126984
10,JNJ,historical_mean,0.5215860701865838,1.0007564797575095,-0.02110055805962055,0.0343724131583345,0.9203576052318851,0.8293650793650793
10,JNJ,ridge,0.6636653782843871,1.3663527382968055,-1.316855667426954,-36.18546650696515,0.06915179794035087,0.753968253968254
10,JNJ,elastic_net,0.7356788208137253,1.437735023150395,-1.5016569985461024,-56.62767041045185,0.03253684616675878,0.75
10,JNJ,random_forest,0.46708999951002583,0.8912800967520897,0.16100840822544418,9.74513754020464,0.004140053431811452,0.8214285714285714
10,JNJ,gradient_boosting,0.4595129831145637,0.8415114399687862,0.12960175075220748,11.146468619759863,0.11155101351012031,0.8313492063492063
10,JNJ,lightgbm,0.4655454098257765,0.8576030466371931,0.11445110524802231,9.580926988374227,0.18501877052730364,0.8392857142857142
10,WMT,naive_last_price,0.5630960701566499,1.0,-0.017501976434835698,0.0,,0.8015873015873016
10,WMT,historical_mean,0.563833019881017,0.9982034582828676,-0.021525617940281905,-0.0824168115896251,0.8601825423507281,0.7976190476190476
10,WMT,ridge,0.6218608200463669,1.2199113335171754,-0.5969276122092119,-13.31478716997674,0.4224333297359162,0.8035714285714286
10,WMT,elastic_net,0.8109393947426143,1.5600446785202093,-2.2309482814659383,-56.23614609867524,0.15563904603226808,0.8273809523809524
10,WMT,random_forest,0.5504909689188271,0.9523384879546398,-0.018739216699224626,3.393052440392974,0.40894841457418396,0.8134920634920635
10,WMT,gradient_boosting,0.5539420870515704,1.0652784278503726,-0.1639013238002512,4.960401019968453,0.5879670443375895,0.7777777777777778
10,WMT,lightgbm,0.5345136876763992,1.0208909948038107,-0.07321111859448781,7.9576026024206765,0.39818546370234986,0.7896825396825397
10,SPY,naive_last_price,0.5335403823904156,1.0,-0.03927817022347896,0.0,,0.7698412698412698
10,SPY,historical_mean,0.5355323236078383,1.0020592587790316,-0.048903279377575964,-0.30531809992686565,0.525094726716778,0.7757936507936508
10,SPY,ridge,0.6153610629512553,1.1104547601262014,-0.3761848163020448,-24.666839266745754,0.22326164019154193,0.7916666666666667
10,SPY,elastic_net,0.7024468923393747,1.335121274340699,-0.9078253018366718,-42.28366927584864,0.05171549724095681,0.7738095238095238
10,SPY,random_forest,0.4866392017780794,0.9168939557095389,0.14257040030378548,8.15037929041651,0.009396938334391702,0.7718253968253967
10,SPY,gradient_boosting,0.46380710345383536,0.8703054343724186,0.2198134749755477,11.741819841187962,0.05470242837812345,0.7718253968253967
10,SPY,lightgbm,0.4642107801138573,0.8666362692374828,0.21530155033232118,11.540902812043296,0.07873510172017739,0.7599206349206349
21,AAPL,naive_last_price,0.4339153175152499,1.0,-0.42451678093922995,0.0,,0.7420634920634921
21,AAPL,historical_mean,0.43744268943536596,1.0092703372264915,-0.5015097317518882,-0.6846688806854351,0.4224156680944975,0.75
21,AAPL,ridge,0.5352582545798211,1.152690831592348,-1.8459318550328985,-47.96043604558684,0.3458830017002621,0.7222222222222222
21,AAPL,elastic_net,0.7110588421858024,1.4471964744341728,-5.31198267396409,-127.22051051073637,0.26200722631239914,0.7837301587301586
21,AAPL,random_forest,0.40889651393084714,0.9501793932877727,-0.3672701790587048,5.670427377856502,0.29066067020847086,0.7757936507936507
21,AAPL,gradient_boosting,0.39597697739746407,0.9158810305425447,-0.3042960225353172,6.321664942009642,0.5326426882949791,0.7380952380952381
21,AAPL,lightgbm,0.3912170393316885,0.9134047030332926,-0.34892443329954614,7.41685477495535,0.44607729520505757,0.7698412698412698
21,MSFT,naive_last_price,0.4286908363987073,1.0,-0.11473442520267194,0.0,,0.7202380952380952
21,MSFT,historical_mean,0.431629349313844,0.9990949225714406,-0.13518274362320512,-0.39881665002658995,0.750817683442919,0.7321428571428572
21,MSFT,ridge,0.45054801048193743,1.194979252920278,-0.8267303837840163,-2.6589092844016005,0.8603192663294217,0.7043650793650793
21,MSFT,elastic_net,0.5626063648554598,1.5739889674562526,-2.0361915811179108,-26.702284982072257,0.09310183213192635,0.6190476190476191
21,MSFT,random_forest,0.4134590364903595,1.012062219641285,-0.12581753980672905,4.782114056954656,0.282793765167882,0.7202380952380951
21,MSFT,gradient_boosting,0.37826390159743406,0.9724134089663039,-0.13342564539753765,13.098230058798045,0.20971716511381322,0.6964285714285714
21,MSFT,lightgbm,0.38574458205179146,0.9881774869118729,-0.18483010787875556,11.386501109552338,0.2742413300594908,0.6964285714285714
21,NVDA,naive_last_price,0.3048275331154541,1.0,-0.15781666371315706,0.0,,0.8670634920634921
21,NVDA,historical_mean,0.3062713886450686,1.0066597944027262,-0.18521049237804735,0.17546158363639375,0.9126471784132262,0.871031746031746
21,NVDA,ridge,0.5588882427562964,2.3553289318686947,-4.954949892262986,-79.55900141470613,0.013255053669907424,0.7976190476190477
21,NVDA,elastic_net,0.7150459311104349,3.0582542657728977,-8.97781663469637,-125.3007716200044,0.0001950039983780183,0.7420634920634921
21,NVDA,random_forest,0.31445537414433966,1.1144726460697472,-0.4042681548785817,0.5031035125595551,0.9560906427838196,0.8928571428571428
21,NVDA,gradient_boosting,0.41471275630888615,1.4575618646996922,-1.608556488632999,-32.13242008434101,0.12339424735372906,0.8035714285714286
21,NVDA,lightgbm,0.40998133167656226,1.4567389568409506,-1.685057308796344,-29.28192090649395,0.12179268230163753,0.7996031746031746
21,GOOGL,naive_last_price,0.34435703891346725,1.0,-0.20163669902738157,0.0,,0.8849206349206349
21,GOOGL,historical_mean,0.3452684343553508,0.9950705460780822,-0.19819029536510904,-0.43884367738120655,0.7674679830323887,0.878968253968254
21,GOOGL,ridge,0.4232483732106197,1.2795440164815406,-1.8382932767714482,-34.434490451634204,0.17133088690990061,0.8154761904761905
21,GOOGL,elastic_net,0.8625872759018053,2.667391498244141,-10.398175437132256,-187.40272141787537,0.05118356459242834,0.6567460317460316
21,GOOGL,random_forest,0.30502784730936816,0.8706493250270851,-0.004782718599801117,11.61347648446619,0.14293088535830378,0.8829365079365079
21,GOOGL,gradient_boosting,0.3226638149044997,0.9803518152462887,-0.27324249480270013,4.085865567576508,0.7186061607007039,0.8551587301587301
21,GOOGL,lightgbm,0.3240536602208666,0.99107422651261,-0.3182652279333804,3.7721141651423373,0.7475308654733492,0.8591269841269841
21,AMZN,naive_last_price,0.4011373503375424,1.0,-0.1624269538767339,0.0,,0.8095238095238095
21,AMZN,historical_mean,0.4042156964157059,0.9999476709079975,-0.18533989705409337,-0.6216262245648974,0.6877332190925103,0.7956349206349207
21,AMZN,ridge,0.3787534033178334,0.9492258101205276,-0.3594026140640651,4.6180913464250795,0.678336097699616,0.7162698412698413
21,AMZN,elastic_net,0.4422481169290733,1.1069733864249705,-1.3692511610255436,-16.362589128556614,0.44406364450711955,0.6726190476190476
21,AMZN,random_forest,0.35566630956495343,0.8721650862614116,0.04260204086729992,10.743059868060778,0.0569347127463129,0.8035714285714286
21,AMZN,gradient_boosting,0.3385366984962211,0.8378796320238473,-0.05910486754906269,11.185291003982334,0.43340262708098365,0.8333333333333333
21,AMZN,lightgbm,0.3206173886664171,0.7868607970469819,0.09499491282863026,17.045432512513248,0.13770982556723022,0.8313492063492064
21,META,naive_last_price,0.4876983372911403,1.0,-0.2211708873630203,0.0,,0.751984126984127
21,META,historical_mean,0.48717967113331406,1.002775577843367,-0.22532705811085915,0.20038957468191398,0.8837429701973154,0.7738095238095238
21,META,ridge,0.4895602099285221,1.026626364024995,-0.7262948809075851,-1.6158266963004042,0.9144431868222047,0.8154761904761905
21,META,elastic_net,0.5475365508605818,1.2666371843966915,-2.0537949150496777,-13.527192403163578,0.4240726128600447,0.8432539682539681
21,META,random_forest,0.45235332380454785,0.9146037968633898,-0.06479714707945791,7.090213755728614,0.2668450686440593,0.8194444444444444
21,META,gradient_boosting,0.4599435751599456,0.98173571625495,-0.3685222710379439,7.5917988175164375,0.42362231015643204,0.7559523809523809
21,META,lightgbm,0.4607559329115831,0.9778625739021214,-0.45482569231868997,7.593904385879579,0.4552147686099741,0.7619047619047619
21,TSLA,naive_last_price,0.3218686549917241,1.0,-0.16141305159475772,0.0,,0.8472222222222222
21,TSLA,historical_mean,0.32513354338326383,1.0178204133962798,-0.21554182721206852,-0.5506891490867583,0.6361855206123963,0.8511904761904762
21,TSLA,ridge,0.36371905180692643,1.115294118097499,-0.6160669451801051,-20.860821720253252,0.34610426885658097,0.753968253968254
21,TSLA,elastic_net,0.47861360268224773,1.4708088343197006,-1.8586438706736148,-61.730145739819676,0.08153081862484113,0.748015873015873
21,TSLA,random_forest,0.30331448245530135,0.9657702874888381,-0.12523448511201993,7.088885706540116,0.17958140542866552,0.9027777777777778
21,TSLA,gradient_boosting,0.30164171385439525,1.0132172526962169,-0.20962001289546608,6.155374737842145,0.5635185428836293,0.8551587301587301
21,TSLA,lightgbm,0.3049466313015591,1.0094436842603418,-0.20627145702434854,4.9849445896598565,0.620731448370607,0.8214285714285714
21,JPM,naive_last_price,0.37246923727628783,1.0,-0.19889494159908291,0.0,,0.8353174603174603
21,JPM,historical_mean,0.37221250733790395,0.9960031218474856,-0.18118678525439105,-0.20605930273562834,0.7498956305085176,0.8333333333333333
21,JPM,ridge,0.41097731358616907,1.2424001719247455,-0.8715778413059737,-5.3346172827323235,0.6783899498346933,0.8194444444444444
21,JPM,elastic_net,0.46431382562111534,1.360212241466573,-1.4243528372409433,-19.563606609432416,0.17887603071769131,0.7857142857142857
21,JPM,random_forest,0.36412823680762973,0.9994578017275104,-0.2114929192957256,3.955715010857075,0.5274766711362076,0.8492063492063492
21,JPM,gradient_boosting,0.35394308405773184,0.9883334742072136,-0.2991345801041909,7.454450794947509,0.45339482758519756,0.8809523809523809
21,JPM,lightgbm,0.3397319819035548,0.922809688883276,-0.1560713715090849,10.06703261398859,0.3234056504379801,0.8690476190476191
21,XOM,naive_last_price,0.2734168281341726,1.0,-0.5182440316080844,0.0,,0.7817460317460317
21,XOM,historical_mean,0.27219325684316176,0.9999971436550038,-0.5303896645110672,0.19192527731168862,0.8848739095833105,0.8035714285714286
21,XOM,ridge,0.3501662892713274,1.4130168976296504,-2.627463184954834,-26.842781335945286,0.11698462761821138,0.7003968253968254
21,XOM,elastic_net,0.4224104079849299,1.7527762291707603,-4.264411945553759,-51.10682318706703,0.01609917624955548,0.6646825396825397
21,XOM,random_forest,0.2541658111815914,0.9114956616493886,-0.388212082645477,6.434374741058601,0.22986288935695498,0.7698412698412698
21,XOM,gradient_boosting,0.3055527893416738,1.1906785332530405,-1.5256976625658492,-10.519257060043618,0.42535102856626783,0.7321428571428571
21,XOM,lightgbm,0.30141469113292824,1.1526582579153222,-1.344880365327584,-8.759742321051878,0.49509210457301345,0.746031746031746
21,JNJ,naive_last_price,0.39119978077054407,1.0,-0.4520502723552088,0.0,,0.7579365079365079
21,JNJ,historical_mean,0.39051066533830353,0.9952412901173742,-0.4452989969911802,0.09626520287203677,0.8882009541533749,0.7599206349206349
21,JNJ,ridge,0.5516422271786795,1.5389905275497813,-4.1084443401294575,-45.971642144354455,0.15142776162923144,0.73015873015873
21,JNJ,elastic_net,0.5916413795080299,1.6364567427983265,-4.274492287911911,-56.949033204513036,0.13520632375863517,0.7599206349206349
21,JNJ,random_forest,0.3676753258927806,0.9282628816848223,-0.6728607246125126,6.080167634476153,0.46286724613452357,0.751984126984127
21,JNJ,gradient_boosting,0.40032426419156475,1.0105826481189748,-1.4075721608201284,-1.4919666133506482,0.9113175343869979,0.8174603174603174
21,JNJ,lightgbm,0.39294110160196916,0.9641885629148745,-1.3669480137836847,-0.27355561955875185,0.9837684562721387,0.8234126984126984
21,WMT,naive_last_price,0.4062439397741782,1.0,-0.09582244162545062,0.0,,0.8670634920634921
21,WMT,historical_mean,0.41236372730227583,1.0134657835299294,-0.13613080588178855,-1.3435717669024294,0.20994319672469253,0.8670634920634921
21,WMT,ridge,0.551628623607721,1.6154967065913737,-2.2634753116057187,-38.169467479235905,0.07705467301447966,0.6666666666666667
21,WMT,elastic_net,0.48926932698007064,1.5437217402029473,-2.7300795413475063,-24.360225173277982,0.32833699666855143,0.75
21,WMT,random_forest,0.41533317389062097,1.0485978774504723,-0.26431350142243903,-2.2456887857925434,0.813833812513334,0.8095238095238095
21,WMT,gradient_boosting,0.5147177132037418,1.3360291295460565,-0.9931256059484717,-25.866102215936483,0.057474513332594235,0.7559523809523809
21,WMT,lightgbm,0.5086069876440774,1.3308374087190051,-1.0120460378423397,-24.764199457569113,0.09443600074176994,0.7698412698412699
21,SPY,naive_last_price,0.4814256965676239,1.0,-0.3455633290729472,0.0,,0.6845238095238095
21,SPY,historical_mean,0.4884016117969242,1.0182003265572188,-0.3939695591744773,-1.2744586852165396,0.47120496206641915,0.7003968253968254
21,SPY,ridge,0.5426516355689457,1.138498713325938,-0.9714630216719444,-14.521393659481706,0.19680360895041193,0.7698412698412698
21,SPY,elastic_net,0.5696071880246073,1.2830502378511435,-1.8648551496277694,-19.048534768144386,0.10038432078700366,0.751984126984127
21,SPY,random_forest,0.4298528864010791,0.8729933742794411,-0.027162031927775776,9.506262860997772,0.05364227473500782,0.7321428571428571
21,SPY,gradient_boosting,0.40916235442807,0.823716773104753,-0.11209406483218833,11.54050820020609,0.21626001700050512,0.7857142857142857
21,SPY,lightgbm,0.413589635874534,0.8349140951769383,-0.09518886304681477,11.034898652401893,0.22643789959357208,0.7698412698412698
